/*
2026/8/8
*/

#ifndef GLM_FORCE_XYZW_ONLY 
#define GLM_ENABLE_EXPERIMENTAL
//#define GLM_FORCE_ALIGNED
//#define GLM_FORCE_INTRINSICS
// 定义glm启用simd
//#define GLM_FORCE_DEFAULT_ALIGNED_GENTYPES
#define GLM_FORCE_XYZW_ONLY
#include <glm/glm.hpp>  

#include <glm/gtx/intersect.hpp>
#include <glm/gtx/vector_angle.hpp>
#include <glm/gtx/closest_point.hpp>
#include <glm/gtc/type_ptr.hpp> 
#include <glm/gtc/matrix_transform.hpp>
#include <glm/gtc/matrix_inverse.hpp> 
#include <glm/gtx/matrix_transform_2d.hpp>
#include <glm/gtx/euler_angles.hpp>
#endif



#include <SDL3/SDL.h>
#include <SDL3/SDL_gpu.h>

#include <vulkan/vulkan.h>

#include "ovg.h"

#ifndef USE_VMA_OFF
#define VMA_IMPLEMENTATION
#endif
#include <vk_mem_alloc.h>

#include <array>
#include <memory_resource>

void init_ovg_cb(ovg_canvas_cb* cb);

#ifndef MEMAC_PMR
template<class _Ty>
using pmalloc_t = std::pmr::polymorphic_allocator<_Ty>;		// 指定类型内存分配
using uspool_t = std::pmr::unsynchronized_pool_resource;	// 线程不安全
using mbpool_t = std::pmr::monotonic_buffer_resource;		// 线程不安全，多次分配，统一释放
using spool_t = std::pmr::synchronized_pool_resource;		// 线程安全的

class usp_ac_cx
{
public:
	uspool_t _alloc = {};				// pmr内存分配
	size_t _Align = 16;
public:
	usp_ac_cx() {}
	~usp_ac_cx() {}
public:
	void* allocate(const size_t _Bytes, const size_t align = 0) {
		return  _alloc.allocate(_Bytes, align > 0 ? align : _Align);
	}
	void* new_mem(size_t n)
	{
		n = std::max((size_t)1, n);
		auto p = _alloc.allocate(n, _Align);
		memset(p, 0, n);
		return p;
	}
	void* new_mem0(size_t n)
	{
		n = std::max((size_t)1, n);
		auto p = _alloc.allocate(n, _Align);
		return p;
	}
	template<class T>
	T* new_mem(size_t n)
	{
		n = std::max((size_t)1, n);
		auto p = (T*)_alloc.allocate(sizeof(T) * n, _Align);
		auto ptr = p;
		for (int i = 0; i < n; i++)
		{
			p[i] = {};
		}
		return p;
	}
	template<class T >
	T* new_mem(size_t n, T*& p)
	{
		n = std::max((size_t)1, n);
		p = (T*)_alloc.allocate(sizeof(T) * n, _Align);
		auto ptr = p;
		for (int i = 0; i < n; i++)
		{
			p[i] = {};
		}
		return p;
	}
	template<class T >
	T* new_mem_o(size_t n)
	{
		n = std::max((size_t)1, n);
		auto p = (T*)_alloc.allocate(sizeof(T) * n, _Align);
		return p;
	}
	template<class T>
	T* new_mem(T*& p, size_t n)
	{
		return new_mem(n, p);
	}
	template<class T>
	void free_mem(T* t, size_t n)
	{
		auto ptr = t;
		if (t && n > 0)
		{
			_alloc.deallocate(t, sizeof(T) * n, _Align);
		}
	}
	void free_mem0(void* t, size_t n)
	{
		auto ptr = t;
		if (t && n > 0)
		{
			_alloc.deallocate(t, n, _Align);
		}
	}
	template<class T, class... Ts>
	T* new_obj(Ts &&... args)
	{
		auto p = (T*)new_mem(sizeof(T));
		if (p)
		{
#ifdef _WIN32
			std::uninitialized_construct_using_allocator(p, _alloc, std::forward<Ts>(args)...);
#else
			std::__uninitialized_construct_using_allocator(p, _alloc, std::forward<Ts>(args)...);
#endif
		}
		return p;
	}
	template<class T>
	void free_obj(T* t)
	{
		auto ptr = t;
		if (t)
		{
			std::destroy_at(ptr);
			_alloc.deallocate(t, sizeof(T), _Align);
		}
	}
};

#endif // !MEMAC_PMR

unsigned char vg_vert_spv0[4048] = {
	0x03, 0x02, 0x23, 0x07, 0x00, 0x03, 0x01, 0x00, 0x00, 0x00, 0x28, 0x00, 0xDF, 0x00, 0x00, 0x00,
	0x00, 0x00, 0x00, 0x00, 0x11, 0x00, 0x02, 0x00, 0x01, 0x00, 0x00, 0x00, 0x0E, 0x00, 0x03, 0x00,
	0x00, 0x00, 0x00, 0x00, 0x01, 0x00, 0x00, 0x00, 0x0F, 0x00, 0x0E, 0x00, 0x00, 0x00, 0x00, 0x00,
	0x02, 0x00, 0x00, 0x00, 0x6D, 0x61, 0x69, 0x6E, 0x00, 0x00, 0x00, 0x00, 0x5A, 0x00, 0x00, 0x00,
	0x5E, 0x00, 0x00, 0x00, 0x62, 0x00, 0x00, 0x00, 0x66, 0x00, 0x00, 0x00, 0x79, 0x00, 0x00, 0x00,
	0x7C, 0x00, 0x00, 0x00, 0x17, 0x00, 0x00, 0x00, 0x1A, 0x00, 0x00, 0x00, 0x1D, 0x00, 0x00, 0x00,
	0x03, 0x00, 0x03, 0x00, 0x0B, 0x00, 0x00, 0x00, 0x01, 0x00, 0x00, 0x00, 0x05, 0x00, 0x05, 0x00,
	0x17, 0x00, 0x00, 0x00, 0x69, 0x6E, 0x70, 0x75, 0x74, 0x2E, 0x69, 0x6E, 0x50, 0x6F, 0x73, 0x00,
	0x05, 0x00, 0x06, 0x00, 0x1A, 0x00, 0x00, 0x00, 0x69, 0x6E, 0x70, 0x75, 0x74, 0x2E, 0x69, 0x6E,
	0x43, 0x6F, 0x6C, 0x6F, 0x72, 0x00, 0x00, 0x00, 0x05, 0x00, 0x05, 0x00, 0x1D, 0x00, 0x00, 0x00,
	0x69, 0x6E, 0x70, 0x75, 0x74, 0x2E, 0x69, 0x6E, 0x55, 0x56, 0x00, 0x00, 0x05, 0x00, 0x07, 0x00,
	0x21, 0x00, 0x00, 0x00, 0x50, 0x75, 0x73, 0x68, 0x43, 0x6F, 0x6E, 0x73, 0x74, 0x73, 0x5F, 0x6E,
	0x61, 0x74, 0x75, 0x72, 0x61, 0x6C, 0x00, 0x00, 0x06, 0x00, 0x05, 0x00, 0x21, 0x00, 0x00, 0x00,
	0x00, 0x00, 0x00, 0x00, 0x73, 0x6F, 0x75, 0x72, 0x63, 0x65, 0x00, 0x00, 0x06, 0x00, 0x05, 0x00,
	0x21, 0x00, 0x00, 0x00, 0x01, 0x00, 0x00, 0x00, 0x73, 0x69, 0x7A, 0x65, 0x00, 0x00, 0x00, 0x00,
	0x06, 0x00, 0x09, 0x00, 0x21, 0x00, 0x00, 0x00, 0x02, 0x00, 0x00, 0x00, 0x66, 0x75, 0x6C, 0x6C,
	0x53, 0x63, 0x72, 0x65, 0x65, 0x6E, 0x51, 0x75, 0x61, 0x64, 0x5F, 0x73, 0x72, 0x63, 0x54, 0x79,
	0x70, 0x65, 0x00, 0x00, 0x06, 0x00, 0x05, 0x00, 0x21, 0x00, 0x00, 0x00, 0x03, 0x00, 0x00, 0x00,
	0x6F, 0x70, 0x61, 0x63, 0x69, 0x74, 0x79, 0x00, 0x06, 0x00, 0x04, 0x00, 0x21, 0x00, 0x00, 0x00,
	0x04, 0x00, 0x00, 0x00, 0x6D, 0x61, 0x74, 0x00, 0x06, 0x00, 0x05, 0x00, 0x21, 0x00, 0x00, 0x00,
	0x05, 0x00, 0x00, 0x00, 0x6D, 0x61, 0x74, 0x49, 0x6E, 0x76, 0x00, 0x00, 0x05, 0x00, 0x03, 0x00,
	0x23, 0x00, 0x00, 0x00, 0x70, 0x63, 0x00, 0x00, 0x05, 0x00, 0x08, 0x00, 0x5A, 0x00, 0x00, 0x00,
	0x65, 0x6E, 0x74, 0x72, 0x79, 0x50, 0x6F, 0x69, 0x6E, 0x74, 0x50, 0x61, 0x72, 0x61, 0x6D, 0x5F,
	0x6D, 0x61, 0x69, 0x6E, 0x2E, 0x55, 0x56, 0x00, 0x05, 0x00, 0x09, 0x00, 0x5E, 0x00, 0x00, 0x00,
	0x65, 0x6E, 0x74, 0x72, 0x79, 0x50, 0x6F, 0x69, 0x6E, 0x74, 0x50, 0x61, 0x72, 0x61, 0x6D, 0x5F,
	0x6D, 0x61, 0x69, 0x6E, 0x2E, 0x53, 0x72, 0x63, 0x00, 0x00, 0x00, 0x00, 0x05, 0x00, 0x0A, 0x00,
	0x62, 0x00, 0x00, 0x00, 0x65, 0x6E, 0x74, 0x72, 0x79, 0x50, 0x6F, 0x69, 0x6E, 0x74, 0x50, 0x61,
	0x72, 0x61, 0x6D, 0x5F, 0x6D, 0x61, 0x69, 0x6E, 0x2E, 0x50, 0x61, 0x74, 0x54, 0x79, 0x70, 0x65,
	0x00, 0x00, 0x00, 0x00, 0x05, 0x00, 0x0A, 0x00, 0x66, 0x00, 0x00, 0x00, 0x65, 0x6E, 0x74, 0x72,
	0x79, 0x50, 0x6F, 0x69, 0x6E, 0x74, 0x50, 0x61, 0x72, 0x61, 0x6D, 0x5F, 0x6D, 0x61, 0x69, 0x6E,
	0x2E, 0x4F, 0x70, 0x61, 0x63, 0x69, 0x74, 0x79, 0x00, 0x00, 0x00, 0x00, 0x05, 0x00, 0x0C, 0x00,
	0x76, 0x00, 0x00, 0x00, 0x5F, 0x4D, 0x61, 0x74, 0x72, 0x69, 0x78, 0x53, 0x74, 0x6F, 0x72, 0x61,
	0x67, 0x65, 0x5F, 0x66, 0x6C, 0x6F, 0x61, 0x74, 0x33, 0x78, 0x32, 0x5F, 0x43, 0x6F, 0x6C, 0x4D,
	0x61, 0x6A, 0x6F, 0x72, 0x6E, 0x61, 0x74, 0x75, 0x72, 0x61, 0x6C, 0x00, 0x06, 0x00, 0x05, 0x00,
	0x76, 0x00, 0x00, 0x00, 0x00, 0x00, 0x00, 0x00, 0x64, 0x61, 0x74, 0x61, 0x00, 0x00, 0x00, 0x00,
	0x05, 0x00, 0x09, 0x00, 0x79, 0x00, 0x00, 0x00, 0x65, 0x6E, 0x74, 0x72, 0x79, 0x50, 0x6F, 0x69,
	0x6E, 0x74, 0x50, 0x61, 0x72, 0x61, 0x6D, 0x5F, 0x6D, 0x61, 0x69, 0x6E, 0x2E, 0x4D, 0x61, 0x74,
	0x00, 0x00, 0x00, 0x00, 0x05, 0x00, 0x03, 0x00, 0x9C, 0x00, 0x00, 0x00, 0x70, 0x00, 0x00, 0x00,
	0x05, 0x00, 0x04, 0x00, 0x02, 0x00, 0x00, 0x00, 0x6D, 0x61, 0x69, 0x6E, 0x00, 0x00, 0x00, 0x00,
	0x47, 0x00, 0x04, 0x00, 0x17, 0x00, 0x00, 0x00, 0x1E, 0x00, 0x00, 0x00, 0x00, 0x00, 0x00, 0x00,
	0x47, 0x00, 0x04, 0x00, 0x1A, 0x00, 0x00, 0x00, 0x1E, 0x00, 0x00, 0x00, 0x01, 0x00, 0x00, 0x00,
	0x47, 0x00, 0x04, 0x00, 0x1D, 0x00, 0x00, 0x00, 0x1E, 0x00, 0x00, 0x00, 0x02, 0x00, 0x00, 0x00,
	0x47, 0x00, 0x03, 0x00, 0x21, 0x00, 0x00, 0x00, 0x02, 0x00, 0x00, 0x00, 0x48, 0x00, 0x05, 0x00,
	0x21, 0x00, 0x00, 0x00, 0x00, 0x00, 0x00, 0x00, 0x23, 0x00, 0x00, 0x00, 0x00, 0x00, 0x00, 0x00,
	0x48, 0x00, 0x05, 0x00, 0x21, 0x00, 0x00, 0x00, 0x01, 0x00, 0x00, 0x00, 0x23, 0x00, 0x00, 0x00,
	0x10, 0x00, 0x00, 0x00, 0x48, 0x00, 0x05, 0x00, 0x21, 0x00, 0x00, 0x00, 0x02, 0x00, 0x00, 0x00,
	0x23, 0x00, 0x00, 0x00, 0x18, 0x00, 0x00, 0x00, 0x48, 0x00, 0x05, 0x00, 0x21, 0x00, 0x00, 0x00,
	0x03, 0x00, 0x00, 0x00, 0x23, 0x00, 0x00, 0x00, 0x1C, 0x00, 0x00, 0x00, 0x48, 0x00, 0x05, 0x00,
	0x21, 0x00, 0x00, 0x00, 0x04, 0x00, 0x00, 0x00, 0x23, 0x00, 0x00, 0x00, 0x20, 0x00, 0x00, 0x00,
	0x48, 0x00, 0x04, 0x00, 0x21, 0x00, 0x00, 0x00, 0x04, 0x00, 0x00, 0x00, 0x04, 0x00, 0x00, 0x00,
	0x48, 0x00, 0x05, 0x00, 0x21, 0x00, 0x00, 0x00, 0x04, 0x00, 0x00, 0x00, 0x07, 0x00, 0x00, 0x00,
	0x0C, 0x00, 0x00, 0x00, 0x48, 0x00, 0x05, 0x00, 0x21, 0x00, 0x00, 0x00, 0x05, 0x00, 0x00, 0x00,
	0x23, 0x00, 0x00, 0x00, 0x38, 0x00, 0x00, 0x00, 0x48, 0x00, 0x04, 0x00, 0x21, 0x00, 0x00, 0x00,
	0x05, 0x00, 0x00, 0x00, 0x04, 0x00, 0x00, 0x00, 0x48, 0x00, 0x05, 0x00, 0x21, 0x00, 0x00, 0x00,
	0x05, 0x00, 0x00, 0x00, 0x07, 0x00, 0x00, 0x00, 0x0C, 0x00, 0x00, 0x00, 0x47, 0x00, 0x04, 0x00,
	0x5A, 0x00, 0x00, 0x00, 0x1E, 0x00, 0x00, 0x00, 0x00, 0x00, 0x00, 0x00, 0x47, 0x00, 0x04, 0x00,
	0x5E, 0x00, 0x00, 0x00, 0x1E, 0x00, 0x00, 0x00, 0x01, 0x00, 0x00, 0x00, 0x47, 0x00, 0x04, 0x00,
	0x62, 0x00, 0x00, 0x00, 0x1E, 0x00, 0x00, 0x00, 0x02, 0x00, 0x00, 0x00, 0x47, 0x00, 0x03, 0x00,
	0x62, 0x00, 0x00, 0x00, 0x0E, 0x00, 0x00, 0x00, 0x47, 0x00, 0x04, 0x00, 0x66, 0x00, 0x00, 0x00,
	0x1E, 0x00, 0x00, 0x00, 0x03, 0x00, 0x00, 0x00, 0x47, 0x00, 0x03, 0x00, 0x66, 0x00, 0x00, 0x00,
	0x0E, 0x00, 0x00, 0x00, 0x47, 0x00, 0x04, 0x00, 0x74, 0x00, 0x00, 0x00, 0x06, 0x00, 0x00, 0x00,
	0x0C, 0x00, 0x00, 0x00, 0x48, 0x00, 0x05, 0x00, 0x76, 0x00, 0x00, 0x00, 0x00, 0x00, 0x00, 0x00,
	0x23, 0x00, 0x00, 0x00, 0x00, 0x00, 0x00, 0x00, 0x47, 0x00, 0x04, 0x00, 0x79, 0x00, 0x00, 0x00,
	0x1E, 0x00, 0x00, 0x00, 0x04, 0x00, 0x00, 0x00, 0x47, 0x00, 0x04, 0x00, 0x7C, 0x00, 0x00, 0x00,
	0x0B, 0x00, 0x00, 0x00, 0x00, 0x00, 0x00, 0x00, 0x13, 0x00, 0x02, 0x00, 0x01, 0x00, 0x00, 0x00,
	0x21, 0x00, 0x03, 0x00, 0x03, 0x00, 0x00, 0x00, 0x01, 0x00, 0x00, 0x00, 0x16, 0x00, 0x03, 0x00,
	0x06, 0x00, 0x00, 0x00, 0x20, 0x00, 0x00, 0x00, 0x17, 0x00, 0x04, 0x00, 0x07, 0x00, 0x00, 0x00,
	0x06, 0x00, 0x00, 0x00, 0x03, 0x00, 0x00, 0x00, 0x17, 0x00, 0x04, 0x00, 0x08, 0x00, 0x00, 0x00,
	0x06, 0x00, 0x00, 0x00, 0x04, 0x00, 0x00, 0x00, 0x15, 0x00, 0x04, 0x00, 0x09, 0x00, 0x00, 0x00,
	0x20, 0x00, 0x00, 0x00, 0x01, 0x00, 0x00, 0x00, 0x17, 0x00, 0x04, 0x00, 0x0A, 0x00, 0x00, 0x00,
	0x06, 0x00, 0x00, 0x00, 0x02, 0x00, 0x00, 0x00, 0x18, 0x00, 0x04, 0x00, 0x0B, 0x00, 0x00, 0x00,
	0x0A, 0x00, 0x00, 0x00, 0x03, 0x00, 0x00, 0x00, 0x20, 0x00, 0x04, 0x00, 0x0E, 0x00, 0x00, 0x00,
	0x07, 0x00, 0x00, 0x00, 0x08, 0x00, 0x00, 0x00, 0x20, 0x00, 0x04, 0x00, 0x16, 0x00, 0x00, 0x00,
	0x01, 0x00, 0x00, 0x00, 0x0A, 0x00, 0x00, 0x00, 0x20, 0x00, 0x04, 0x00, 0x19, 0x00, 0x00, 0x00,
	0x01, 0x00, 0x00, 0x00, 0x08, 0x00, 0x00, 0x00, 0x20, 0x00, 0x04, 0x00, 0x1C, 0x00, 0x00, 0x00,
	0x01, 0x00, 0x00, 0x00, 0x07, 0x00, 0x00, 0x00, 0x2B, 0x00, 0x04, 0x00, 0x09, 0x00, 0x00, 0x00,
	0x1E, 0x00, 0x00, 0x00, 0x02, 0x00, 0x00, 0x00, 0x20, 0x00, 0x04, 0x00, 0x1F, 0x00, 0x00, 0x00,
	0x07, 0x00, 0x00, 0x00, 0x09, 0x00, 0x00, 0x00, 0x1E, 0x00, 0x08, 0x00, 0x21, 0x00, 0x00, 0x00,
	0x08, 0x00, 0x00, 0x00, 0x0A, 0x00, 0x00, 0x00, 0x09, 0x00, 0x00, 0x00, 0x06, 0x00, 0x00, 0x00,
	0x0B, 0x00, 0x00, 0x00, 0x0B, 0x00, 0x00, 0x00, 0x20, 0x00, 0x04, 0x00, 0x22, 0x00, 0x00, 0x00,
	0x09, 0x00, 0x00, 0x00, 0x21, 0x00, 0x00, 0x00, 0x20, 0x00, 0x04, 0x00, 0x24, 0x00, 0x00, 0x00,
	0x09, 0x00, 0x00, 0x00, 0x09, 0x00, 0x00, 0x00, 0x2B, 0x00, 0x04, 0x00, 0x09, 0x00, 0x00, 0x00,
	0x28, 0x00, 0x00, 0x00, 0xFF, 0x00, 0x00, 0x00, 0x2B, 0x00, 0x04, 0x00, 0x09, 0x00, 0x00, 0x00,
	0x2A, 0x00, 0x00, 0x00, 0x04, 0x00, 0x00, 0x00, 0x20, 0x00, 0x04, 0x00, 0x2B, 0x00, 0x00, 0x00,
	0x07, 0x00, 0x00, 0x00, 0x0B, 0x00, 0x00, 0x00, 0x2B, 0x00, 0x04, 0x00, 0x09, 0x00, 0x00, 0x00,
	0x2D, 0x00, 0x00, 0x00, 0x05, 0x00, 0x00, 0x00, 0x20, 0x00, 0x04, 0x00, 0x2E, 0x00, 0x00, 0x00,
	0x09, 0x00, 0x00, 0x00, 0x0B, 0x00, 0x00, 0x00, 0x2B, 0x00, 0x04, 0x00, 0x09, 0x00, 0x00, 0x00,
	0x32, 0x00, 0x00, 0x00, 0x01, 0x00, 0x00, 0x00, 0x14, 0x00, 0x02, 0x00, 0x34, 0x00, 0x00, 0x00,
	0x2B, 0x00, 0x04, 0x00, 0x09, 0x00, 0x00, 0x00, 0x36, 0x00, 0x00, 0x00, 0x00, 0x00, 0x00, 0x00,
	0x20, 0x00, 0x04, 0x00, 0x3A, 0x00, 0x00, 0x00, 0x09, 0x00, 0x00, 0x00, 0x08, 0x00, 0x00, 0x00,
	0x2B, 0x00, 0x04, 0x00, 0x09, 0x00, 0x00, 0x00, 0x41, 0x00, 0x00, 0x00, 0x03, 0x00, 0x00, 0x00,
	0x20, 0x00, 0x04, 0x00, 0x42, 0x00, 0x00, 0x00, 0x07, 0x00, 0x00, 0x00, 0x06, 0x00, 0x00, 0x00,
	0x20, 0x00, 0x04, 0x00, 0x44, 0x00, 0x00, 0x00, 0x09, 0x00, 0x00, 0x00, 0x06, 0x00, 0x00, 0x00,
	0x2B, 0x00, 0x04, 0x00, 0x09, 0x00, 0x00, 0x00, 0x4A, 0x00, 0x00, 0x00, 0x00, 0x00, 0x00, 0x10,
	0x2B, 0x00, 0x04, 0x00, 0x06, 0x00, 0x00, 0x00, 0x4F, 0x00, 0x00, 0x00, 0x00, 0x00, 0x00, 0x00,
	0x2B, 0x00, 0x04, 0x00, 0x06, 0x00, 0x00, 0x00, 0x50, 0x00, 0x00, 0x00, 0x00, 0x00, 0x80, 0x3F,
	0x2B, 0x00, 0x04, 0x00, 0x06, 0x00, 0x00, 0x00, 0x55, 0x00, 0x00, 0x00, 0x00, 0x00, 0x80, 0xBF,
	0x2C, 0x00, 0x06, 0x00, 0x07, 0x00, 0x00, 0x00, 0x54, 0x00, 0x00, 0x00, 0x4F, 0x00, 0x00, 0x00,
	0x4F, 0x00, 0x00, 0x00, 0x55, 0x00, 0x00, 0x00, 0x20, 0x00, 0x04, 0x00, 0x59, 0x00, 0x00, 0x00,
	0x03, 0x00, 0x00, 0x00, 0x07, 0x00, 0x00, 0x00, 0x20, 0x00, 0x04, 0x00, 0x5D, 0x00, 0x00, 0x00,
	0x03, 0x00, 0x00, 0x00, 0x08, 0x00, 0x00, 0x00, 0x20, 0x00, 0x04, 0x00, 0x61, 0x00, 0x00, 0x00,
	0x03, 0x00, 0x00, 0x00, 0x09, 0x00, 0x00, 0x00, 0x20, 0x00, 0x04, 0x00, 0x65, 0x00, 0x00, 0x00,
	0x03, 0x00, 0x00, 0x00, 0x06, 0x00, 0x00, 0x00, 0x1C, 0x00, 0x04, 0x00, 0x74, 0x00, 0x00, 0x00,
	0x07, 0x00, 0x00, 0x00, 0x1E, 0x00, 0x00, 0x00, 0x1E, 0x00, 0x03, 0x00, 0x76, 0x00, 0x00, 0x00,
	0x74, 0x00, 0x00, 0x00, 0x20, 0x00, 0x04, 0x00, 0x78, 0x00, 0x00, 0x00, 0x03, 0x00, 0x00, 0x00,
	0x76, 0x00, 0x00, 0x00, 0x20, 0x00, 0x04, 0x00, 0x82, 0x00, 0x00, 0x00, 0x09, 0x00, 0x00, 0x00,
	0x0A, 0x00, 0x00, 0x00, 0x2B, 0x00, 0x04, 0x00, 0x06, 0x00, 0x00, 0x00, 0x9F, 0x00, 0x00, 0x00,
	0x00, 0x00, 0x00, 0x40, 0x3B, 0x00, 0x04, 0x00, 0x16, 0x00, 0x00, 0x00, 0x17, 0x00, 0x00, 0x00,
	0x01, 0x00, 0x00, 0x00, 0x3B, 0x00, 0x04, 0x00, 0x19, 0x00, 0x00, 0x00, 0x1A, 0x00, 0x00, 0x00,
	0x01, 0x00, 0x00, 0x00, 0x3B, 0x00, 0x04, 0x00, 0x1C, 0x00, 0x00, 0x00, 0x1D, 0x00, 0x00, 0x00,
	0x01, 0x00, 0x00, 0x00, 0x3B, 0x00, 0x04, 0x00, 0x22, 0x00, 0x00, 0x00, 0x23, 0x00, 0x00, 0x00,
	0x09, 0x00, 0x00, 0x00, 0x3B, 0x00, 0x04, 0x00, 0x59, 0x00, 0x00, 0x00, 0x5A, 0x00, 0x00, 0x00,
	0x03, 0x00, 0x00, 0x00, 0x3B, 0x00, 0x04, 0x00, 0x5D, 0x00, 0x00, 0x00, 0x5E, 0x00, 0x00, 0x00,
	0x03, 0x00, 0x00, 0x00, 0x3B, 0x00, 0x04, 0x00, 0x61, 0x00, 0x00, 0x00, 0x62, 0x00, 0x00, 0x00,
	0x03, 0x00, 0x00, 0x00, 0x3B, 0x00, 0x04, 0x00, 0x65, 0x00, 0x00, 0x00, 0x66, 0x00, 0x00, 0x00,
	0x03, 0x00, 0x00, 0x00, 0x3B, 0x00, 0x04, 0x00, 0x78, 0x00, 0x00, 0x00, 0x79, 0x00, 0x00, 0x00,
	0x03, 0x00, 0x00, 0x00, 0x3B, 0x00, 0x04, 0x00, 0x5D, 0x00, 0x00, 0x00, 0x7C, 0x00, 0x00, 0x00,
	0x03, 0x00, 0x00, 0x00, 0x15, 0x00, 0x04, 0x00, 0xC4, 0x00, 0x00, 0x00, 0x20, 0x00, 0x00, 0x00,
	0x00, 0x00, 0x00, 0x00, 0x2B, 0x00, 0x04, 0x00, 0xC4, 0x00, 0x00, 0x00, 0xC5, 0x00, 0x00, 0x00,
	0x00, 0x00, 0x00, 0x00, 0x2C, 0x00, 0x05, 0x00, 0x0A, 0x00, 0x00, 0x00, 0xDE, 0x00, 0x00, 0x00,
	0x50, 0x00, 0x00, 0x00, 0x50, 0x00, 0x00, 0x00, 0x36, 0x00, 0x05, 0x00, 0x01, 0x00, 0x00, 0x00,
	0x02, 0x00, 0x00, 0x00, 0x00, 0x00, 0x00, 0x00, 0x03, 0x00, 0x00, 0x00, 0xF8, 0x00, 0x02, 0x00,
	0x04, 0x00, 0x00, 0x00, 0x3B, 0x00, 0x04, 0x00, 0x2B, 0x00, 0x00, 0x00, 0xCE, 0x00, 0x00, 0x00,
	0x07, 0x00, 0x00, 0x00, 0x3B, 0x00, 0x04, 0x00, 0x42, 0x00, 0x00, 0x00, 0xCD, 0x00, 0x00, 0x00,
	0x07, 0x00, 0x00, 0x00, 0x3B, 0x00, 0x04, 0x00, 0x1F, 0x00, 0x00, 0x00, 0xCC, 0x00, 0x00, 0x00,
	0x07, 0x00, 0x00, 0x00, 0x3B, 0x00, 0x04, 0x00, 0x0E, 0x00, 0x00, 0x00, 0xCB, 0x00, 0x00, 0x00,
	0x07, 0x00, 0x00, 0x00, 0x3B, 0x00, 0x04, 0x00, 0x0E, 0x00, 0x00, 0x00, 0x0F, 0x00, 0x00, 0x00,
	0x07, 0x00, 0x00, 0x00, 0xF7, 0x00, 0x03, 0x00, 0xC2, 0x00, 0x00, 0x00, 0x00, 0x00, 0x00, 0x00,
	0xFB, 0x00, 0x03, 0x00, 0xC5, 0x00, 0x00, 0x00, 0xC3, 0x00, 0x00, 0x00, 0xF8, 0x00, 0x02, 0x00,
	0xC3, 0x00, 0x00, 0x00, 0x3D, 0x00, 0x04, 0x00, 0x0A, 0x00, 0x00, 0x00, 0x15, 0x00, 0x00, 0x00,
	0x17, 0x00, 0x00, 0x00, 0x3D, 0x00, 0x04, 0x00, 0x08, 0x00, 0x00, 0x00, 0x18, 0x00, 0x00, 0x00,
	0x1A, 0x00, 0x00, 0x00, 0x3D, 0x00, 0x04, 0x00, 0x07, 0x00, 0x00, 0x00, 0x1B, 0x00, 0x00, 0x00,
	0x1D, 0x00, 0x00, 0x00, 0x41, 0x00, 0x05, 0x00, 0x24, 0x00, 0x00, 0x00, 0x25, 0x00, 0x00, 0x00,
	0x23, 0x00, 0x00, 0x00, 0x1E, 0x00, 0x00, 0x00, 0x3D, 0x00, 0x04, 0x00, 0x09, 0x00, 0x00, 0x00,
	0x26, 0x00, 0x00, 0x00, 0x25, 0x00, 0x00, 0x00, 0xC7, 0x00, 0x05, 0x00, 0x09, 0x00, 0x00, 0x00,
	0x27, 0x00, 0x00, 0x00, 0x26, 0x00, 0x00, 0x00, 0x28, 0x00, 0x00, 0x00, 0x3E, 0x00, 0x03, 0x00,
	0xCC, 0x00, 0x00, 0x00, 0x27, 0x00, 0x00, 0x00, 0x41, 0x00, 0x05, 0x00, 0x2E, 0x00, 0x00, 0x00,
	0x2F, 0x00, 0x00, 0x00, 0x23, 0x00, 0x00, 0x00, 0x2D, 0x00, 0x00, 0x00, 0x3D, 0x00, 0x04, 0x00,
	0x0B, 0x00, 0x00, 0x00, 0x30, 0x00, 0x00, 0x00, 0x2F, 0x00, 0x00, 0x00, 0x3E, 0x00, 0x03, 0x00,
	0xCE, 0x00, 0x00, 0x00, 0x30, 0x00, 0x00, 0x00, 0xAA, 0x00, 0x05, 0x00, 0x34, 0x00, 0x00, 0x00,
	0x35, 0x00, 0x00, 0x00, 0x27, 0x00, 0x00, 0x00, 0x36, 0x00, 0x00, 0x00, 0xF7, 0x00, 0x03, 0x00,
	0x12, 0x00, 0x00, 0x00, 0x00, 0x00, 0x00, 0x00, 0xFA, 0x00, 0x04, 0x00, 0x35, 0x00, 0x00, 0x00,
	0x10, 0x00, 0x00, 0x00, 0x11, 0x00, 0x00, 0x00, 0xF8, 0x00, 0x02, 0x00, 0x10, 0x00, 0x00, 0x00,
	0x3E, 0x00, 0x03, 0x00, 0x0F, 0x00, 0x00, 0x00, 0x18, 0x00, 0x00, 0x00, 0xF9, 0x00, 0x02, 0x00,
	0x12, 0x00, 0x00, 0x00, 0xF8, 0x00, 0x02, 0x00, 0x11, 0x00, 0x00, 0x00, 0x41, 0x00, 0x05, 0x00,
	0x3A, 0x00, 0x00, 0x00, 0x3B, 0x00, 0x00, 0x00, 0x23, 0x00, 0x00, 0x00, 0x36, 0x00, 0x00, 0x00,
	0x3D, 0x00, 0x04, 0x00, 0x08, 0x00, 0x00, 0x00, 0x3C, 0x00, 0x00, 0x00, 0x3B, 0x00, 0x00, 0x00,
	0x3E, 0x00, 0x03, 0x00, 0x0F, 0x00, 0x00, 0x00, 0x3C, 0x00, 0x00, 0x00, 0xF9, 0x00, 0x02, 0x00,
	0x12, 0x00, 0x00, 0x00, 0xF8, 0x00, 0x02, 0x00, 0x12, 0x00, 0x00, 0x00, 0x3D, 0x00, 0x04, 0x00,
	0x08, 0x00, 0x00, 0x00, 0x3F, 0x00, 0x00, 0x00, 0x0F, 0x00, 0x00, 0x00, 0x3E, 0x00, 0x03, 0x00,
	0xCB, 0x00, 0x00, 0x00, 0x3F, 0x00, 0x00, 0x00, 0x41, 0x00, 0x05, 0x00, 0x44, 0x00, 0x00, 0x00,
	0x45, 0x00, 0x00, 0x00, 0x23, 0x00, 0x00, 0x00, 0x41, 0x00, 0x00, 0x00, 0x3D, 0x00, 0x04, 0x00,
	0x06, 0x00, 0x00, 0x00, 0x46, 0x00, 0x00, 0x00, 0x45, 0x00, 0x00, 0x00, 0x3E, 0x00, 0x03, 0x00,
	0xCD, 0x00, 0x00, 0x00, 0x46, 0x00, 0x00, 0x00, 0x3D, 0x00, 0x04, 0x00, 0x09, 0x00, 0x00, 0x00,
	0x48, 0x00, 0x00, 0x00, 0x25, 0x00, 0x00, 0x00, 0xC7, 0x00, 0x05, 0x00, 0x09, 0x00, 0x00, 0x00,
	0x49, 0x00, 0x00, 0x00, 0x48, 0x00, 0x00, 0x00, 0x4A, 0x00, 0x00, 0x00, 0xAA, 0x00, 0x05, 0x00,
	0x34, 0x00, 0x00, 0x00, 0x4B, 0x00, 0x00, 0x00, 0x49, 0x00, 0x00, 0x00, 0x4A, 0x00, 0x00, 0x00,
	0xF7, 0x00, 0x03, 0x00, 0x14, 0x00, 0x00, 0x00, 0x00, 0x00, 0x00, 0x00, 0xFA, 0x00, 0x04, 0x00,
	0x4B, 0x00, 0x00, 0x00, 0x13, 0x00, 0x00, 0x00, 0x14, 0x00, 0x00, 0x00, 0xF8, 0x00, 0x02, 0x00,
	0x13, 0x00, 0x00, 0x00, 0x50, 0x00, 0x06, 0x00, 0x08, 0x00, 0x00, 0x00, 0x4E, 0x00, 0x00, 0x00,
	0x15, 0x00, 0x00, 0x00, 0x4F, 0x00, 0x00, 0x00, 0x50, 0x00, 0x00, 0x00, 0x3D, 0x00, 0x04, 0x00,
	0x0B, 0x00, 0x00, 0x00, 0xD4, 0x00, 0x00, 0x00, 0xCE, 0x00, 0x00, 0x00, 0x3D, 0x00, 0x04, 0x00,
	0x06, 0x00, 0x00, 0x00, 0xD3, 0x00, 0x00, 0x00, 0xCD, 0x00, 0x00, 0x00, 0x3D, 0x00, 0x04, 0x00,
	0x09, 0x00, 0x00, 0x00, 0xD2, 0x00, 0x00, 0x00, 0xCC, 0x00, 0x00, 0x00, 0x3D, 0x00, 0x04, 0x00,
	0x08, 0x00, 0x00, 0x00, 0xD1, 0x00, 0x00, 0x00, 0xCB, 0x00, 0x00, 0x00, 0x3E, 0x00, 0x03, 0x00,
	0x5A, 0x00, 0x00, 0x00, 0x54, 0x00, 0x00, 0x00, 0x3E, 0x00, 0x03, 0x00, 0x5E, 0x00, 0x00, 0x00,
	0xD1, 0x00, 0x00, 0x00, 0x3E, 0x00, 0x03, 0x00, 0x62, 0x00, 0x00, 0x00, 0xD2, 0x00, 0x00, 0x00,
	0x3E, 0x00, 0x03, 0x00, 0x66, 0x00, 0x00, 0x00, 0xD3, 0x00, 0x00, 0x00, 0x51, 0x00, 0x05, 0x00,
	0x0A, 0x00, 0x00, 0x00, 0x69, 0x00, 0x00, 0x00, 0xD4, 0x00, 0x00, 0x00, 0x00, 0x00, 0x00, 0x00,
	0x51, 0x00, 0x05, 0x00, 0x06, 0x00, 0x00, 0x00, 0x6A, 0x00, 0x00, 0x00, 0x69, 0x00, 0x00, 0x00,
	0x00, 0x00, 0x00, 0x00, 0x51, 0x00, 0x05, 0x00, 0x06, 0x00, 0x00, 0x00, 0x6B, 0x00, 0x00, 0x00,
	0x69, 0x00, 0x00, 0x00, 0x01, 0x00, 0x00, 0x00, 0x51, 0x00, 0x05, 0x00, 0x0A, 0x00, 0x00, 0x00,
	0x6C, 0x00, 0x00, 0x00, 0xD4, 0x00, 0x00, 0x00, 0x01, 0x00, 0x00, 0x00, 0x51, 0x00, 0x05, 0x00,
	0x06, 0x00, 0x00, 0x00, 0x6D, 0x00, 0x00, 0x00, 0x6C, 0x00, 0x00, 0x00, 0x00, 0x00, 0x00, 0x00,
	0x51, 0x00, 0x05, 0x00, 0x06, 0x00, 0x00, 0x00, 0x6E, 0x00, 0x00, 0x00, 0x6C, 0x00, 0x00, 0x00,
	0x01, 0x00, 0x00, 0x00, 0x51, 0x00, 0x05, 0x00, 0x0A, 0x00, 0x00, 0x00, 0x6F, 0x00, 0x00, 0x00,
	0xD4, 0x00, 0x00, 0x00, 0x02, 0x00, 0x00, 0x00, 0x51, 0x00, 0x05, 0x00, 0x06, 0x00, 0x00, 0x00,
	0x70, 0x00, 0x00, 0x00, 0x6F, 0x00, 0x00, 0x00, 0x00, 0x00, 0x00, 0x00, 0x51, 0x00, 0x05, 0x00,
	0x06, 0x00, 0x00, 0x00, 0x71, 0x00, 0x00, 0x00, 0x6F, 0x00, 0x00, 0x00, 0x01, 0x00, 0x00, 0x00,
	0x50, 0x00, 0x06, 0x00, 0x07, 0x00, 0x00, 0x00, 0x72, 0x00, 0x00, 0x00, 0x6A, 0x00, 0x00, 0x00,
	0x6D, 0x00, 0x00, 0x00, 0x70, 0x00, 0x00, 0x00, 0x50, 0x00, 0x06, 0x00, 0x07, 0x00, 0x00, 0x00,
	0x73, 0x00, 0x00, 0x00, 0x6B, 0x00, 0x00, 0x00, 0x6E, 0x00, 0x00, 0x00, 0x71, 0x00, 0x00, 0x00,
	0x50, 0x00, 0x05, 0x00, 0x74, 0x00, 0x00, 0x00, 0x75, 0x00, 0x00, 0x00, 0x72, 0x00, 0x00, 0x00,
	0x73, 0x00, 0x00, 0x00, 0x50, 0x00, 0x04, 0x00, 0x76, 0x00, 0x00, 0x00, 0x77, 0x00, 0x00, 0x00,
	0x75, 0x00, 0x00, 0x00, 0x3E, 0x00, 0x03, 0x00, 0x79, 0x00, 0x00, 0x00, 0x77, 0x00, 0x00, 0x00,
	0x3E, 0x00, 0x03, 0x00, 0x7C, 0x00, 0x00, 0x00, 0x4E, 0x00, 0x00, 0x00, 0xF9, 0x00, 0x02, 0x00,
	0xC2, 0x00, 0x00, 0x00, 0xF8, 0x00, 0x02, 0x00, 0x14, 0x00, 0x00, 0x00, 0x41, 0x00, 0x05, 0x00,
	0x2E, 0x00, 0x00, 0x00, 0x81, 0x00, 0x00, 0x00, 0x23, 0x00, 0x00, 0x00, 0x2A, 0x00, 0x00, 0x00,
	0x41, 0x00, 0x05, 0x00, 0x82, 0x00, 0x00, 0x00, 0x83, 0x00, 0x00, 0x00, 0x81, 0x00, 0x00, 0x00,
	0x36, 0x00, 0x00, 0x00, 0x41, 0x00, 0x05, 0x00, 0x44, 0x00, 0x00, 0x00, 0x84, 0x00, 0x00, 0x00,
	0x83, 0x00, 0x00, 0x00, 0x36, 0x00, 0x00, 0x00, 0x3D, 0x00, 0x04, 0x00, 0x06, 0x00, 0x00, 0x00,
	0x85, 0x00, 0x00, 0x00, 0x84, 0x00, 0x00, 0x00, 0x51, 0x00, 0x05, 0x00, 0x06, 0x00, 0x00, 0x00,
	0x86, 0x00, 0x00, 0x00, 0x15, 0x00, 0x00, 0x00, 0x00, 0x00, 0x00, 0x00, 0x85, 0x00, 0x05, 0x00,
	0x06, 0x00, 0x00, 0x00, 0x87, 0x00, 0x00, 0x00, 0x85, 0x00, 0x00, 0x00, 0x86, 0x00, 0x00, 0x00,
	0x41, 0x00, 0x05, 0x00, 0x82, 0x00, 0x00, 0x00, 0x88, 0x00, 0x00, 0x00, 0x81, 0x00, 0x00, 0x00,
	0x32, 0x00, 0x00, 0x00, 0x41, 0x00, 0x05, 0x00, 0x44, 0x00, 0x00, 0x00, 0x89, 0x00, 0x00, 0x00,
	0x88, 0x00, 0x00, 0x00, 0x36, 0x00, 0x00, 0x00, 0x3D, 0x00, 0x04, 0x00, 0x06, 0x00, 0x00, 0x00,
	0x8A, 0x00, 0x00, 0x00, 0x89, 0x00, 0x00, 0x00, 0x51, 0x00, 0x05, 0x00, 0x06, 0x00, 0x00, 0x00,
	0x8B, 0x00, 0x00, 0x00, 0x15, 0x00, 0x00, 0x00, 0x01, 0x00, 0x00, 0x00, 0x85, 0x00, 0x05, 0x00,
	0x06, 0x00, 0x00, 0x00, 0x8C, 0x00, 0x00, 0x00, 0x8A, 0x00, 0x00, 0x00, 0x8B, 0x00, 0x00, 0x00,
	0x81, 0x00, 0x05, 0x00, 0x06, 0x00, 0x00, 0x00, 0x8D, 0x00, 0x00, 0x00, 0x87, 0x00, 0x00, 0x00,
	0x8C, 0x00, 0x00, 0x00, 0x41, 0x00, 0x05, 0x00, 0x82, 0x00, 0x00, 0x00, 0x8E, 0x00, 0x00, 0x00,
	0x81, 0x00, 0x00, 0x00, 0x1E, 0x00, 0x00, 0x00, 0x41, 0x00, 0x05, 0x00, 0x44, 0x00, 0x00, 0x00,
	0x8F, 0x00, 0x00, 0x00, 0x8E, 0x00, 0x00, 0x00, 0x36, 0x00, 0x00, 0x00, 0x3D, 0x00, 0x04, 0x00,
	0x06, 0x00, 0x00, 0x00, 0x90, 0x00, 0x00, 0x00, 0x8F, 0x00, 0x00, 0x00, 0x81, 0x00, 0x05, 0x00,
	0x06, 0x00, 0x00, 0x00, 0x91, 0x00, 0x00, 0x00, 0x8D, 0x00, 0x00, 0x00, 0x90, 0x00, 0x00, 0x00,
	0x41, 0x00, 0x05, 0x00, 0x44, 0x00, 0x00, 0x00, 0x92, 0x00, 0x00, 0x00, 0x83, 0x00, 0x00, 0x00,
	0x32, 0x00, 0x00, 0x00, 0x3D, 0x00, 0x04, 0x00, 0x06, 0x00, 0x00, 0x00, 0x93, 0x00, 0x00, 0x00,
	0x92, 0x00, 0x00, 0x00, 0x85, 0x00, 0x05, 0x00, 0x06, 0x00, 0x00, 0x00, 0x94, 0x00, 0x00, 0x00,
	0x93, 0x00, 0x00, 0x00, 0x86, 0x00, 0x00, 0x00, 0x41, 0x00, 0x05, 0x00, 0x44, 0x00, 0x00, 0x00,
	0x95, 0x00, 0x00, 0x00, 0x88, 0x00, 0x00, 0x00, 0x32, 0x00, 0x00, 0x00, 0x3D, 0x00, 0x04, 0x00,
	0x06, 0x00, 0x00, 0x00, 0x96, 0x00, 0x00, 0x00, 0x95, 0x00, 0x00, 0x00, 0x85, 0x00, 0x05, 0x00,
	0x06, 0x00, 0x00, 0x00, 0x97, 0x00, 0x00, 0x00, 0x96, 0x00, 0x00, 0x00, 0x8B, 0x00, 0x00, 0x00,
	0x81, 0x00, 0x05, 0x00, 0x06, 0x00, 0x00, 0x00, 0x98, 0x00, 0x00, 0x00, 0x94, 0x00, 0x00, 0x00,
	0x97, 0x00, 0x00, 0x00, 0x41, 0x00, 0x05, 0x00, 0x44, 0x00, 0x00, 0x00, 0x99, 0x00, 0x00, 0x00,
	0x8E, 0x00, 0x00, 0x00, 0x32, 0x00, 0x00, 0x00, 0x3D, 0x00, 0x04, 0x00, 0x06, 0x00, 0x00, 0x00,
	0x9A, 0x00, 0x00, 0x00, 0x99, 0x00, 0x00, 0x00, 0x81, 0x00, 0x05, 0x00, 0x06, 0x00, 0x00, 0x00,
	0x9B, 0x00, 0x00, 0x00, 0x98, 0x00, 0x00, 0x00, 0x9A, 0x00, 0x00, 0x00, 0x50, 0x00, 0x05, 0x00,
	0x0A, 0x00, 0x00, 0x00, 0x9C, 0x00, 0x00, 0x00, 0x91, 0x00, 0x00, 0x00, 0x9B, 0x00, 0x00, 0x00,
	0x8E, 0x00, 0x05, 0x00, 0x0A, 0x00, 0x00, 0x00, 0x9E, 0x00, 0x00, 0x00, 0x9C, 0x00, 0x00, 0x00,
	0x9F, 0x00, 0x00, 0x00, 0x41, 0x00, 0x05, 0x00, 0x82, 0x00, 0x00, 0x00, 0xA0, 0x00, 0x00, 0x00,
	0x23, 0x00, 0x00, 0x00, 0x32, 0x00, 0x00, 0x00, 0x3D, 0x00, 0x04, 0x00, 0x0A, 0x00, 0x00, 0x00,
	0xA1, 0x00, 0x00, 0x00, 0xA0, 0x00, 0x00, 0x00, 0x88, 0x00, 0x05, 0x00, 0x0A, 0x00, 0x00, 0x00,
	0xA2, 0x00, 0x00, 0x00, 0x9E, 0x00, 0x00, 0x00, 0xA1, 0x00, 0x00, 0x00, 0x83, 0x00, 0x05, 0x00,
	0x0A, 0x00, 0x00, 0x00, 0xA4, 0x00, 0x00, 0x00, 0xA2, 0x00, 0x00, 0x00, 0xDE, 0x00, 0x00, 0x00,
	0x50, 0x00, 0x06, 0x00, 0x08, 0x00, 0x00, 0x00, 0xA5, 0x00, 0x00, 0x00, 0xA4, 0x00, 0x00, 0x00,
	0x4F, 0x00, 0x00, 0x00, 0x50, 0x00, 0x00, 0x00, 0x3D, 0x00, 0x04, 0x00, 0x0B, 0x00, 0x00, 0x00,
	0xDB, 0x00, 0x00, 0x00, 0xCE, 0x00, 0x00, 0x00, 0x3D, 0x00, 0x04, 0x00, 0x06, 0x00, 0x00, 0x00,
	0xDA, 0x00, 0x00, 0x00, 0xCD, 0x00, 0x00, 0x00, 0x3D, 0x00, 0x04, 0x00, 0x09, 0x00, 0x00, 0x00,
	0xD9, 0x00, 0x00, 0x00, 0xCC, 0x00, 0x00, 0x00, 0x3D, 0x00, 0x04, 0x00, 0x08, 0x00, 0x00, 0x00,
	0xD8, 0x00, 0x00, 0x00, 0xCB, 0x00, 0x00, 0x00, 0x3E, 0x00, 0x03, 0x00, 0x5A, 0x00, 0x00, 0x00,
	0x1B, 0x00, 0x00, 0x00, 0x3E, 0x00, 0x03, 0x00, 0x5E, 0x00, 0x00, 0x00, 0xD8, 0x00, 0x00, 0x00,
	0x3E, 0x00, 0x03, 0x00, 0x62, 0x00, 0x00, 0x00, 0xD9, 0x00, 0x00, 0x00, 0x3E, 0x00, 0x03, 0x00,
	0x66, 0x00, 0x00, 0x00, 0xDA, 0x00, 0x00, 0x00, 0x51, 0x00, 0x05, 0x00, 0x0A, 0x00, 0x00, 0x00,
	0xB1, 0x00, 0x00, 0x00, 0xDB, 0x00, 0x00, 0x00, 0x00, 0x00, 0x00, 0x00, 0x51, 0x00, 0x05, 0x00,
	0x06, 0x00, 0x00, 0x00, 0xB2, 0x00, 0x00, 0x00, 0xB1, 0x00, 0x00, 0x00, 0x00, 0x00, 0x00, 0x00,
	0x51, 0x00, 0x05, 0x00, 0x06, 0x00, 0x00, 0x00, 0xB3, 0x00, 0x00, 0x00, 0xB1, 0x00, 0x00, 0x00,
	0x01, 0x00, 0x00, 0x00, 0x51, 0x00, 0x05, 0x00, 0x0A, 0x00, 0x00, 0x00, 0xB4, 0x00, 0x00, 0x00,
	0xDB, 0x00, 0x00, 0x00, 0x01, 0x00, 0x00, 0x00, 0x51, 0x00, 0x05, 0x00, 0x06, 0x00, 0x00, 0x00,
	0xB5, 0x00, 0x00, 0x00, 0xB4, 0x00, 0x00, 0x00, 0x00, 0x00, 0x00, 0x00, 0x51, 0x00, 0x05, 0x00,
	0x06, 0x00, 0x00, 0x00, 0xB6, 0x00, 0x00, 0x00, 0xB4, 0x00, 0x00, 0x00, 0x01, 0x00, 0x00, 0x00,
	0x51, 0x00, 0x05, 0x00, 0x0A, 0x00, 0x00, 0x00, 0xB7, 0x00, 0x00, 0x00, 0xDB, 0x00, 0x00, 0x00,
	0x02, 0x00, 0x00, 0x00, 0x51, 0x00, 0x05, 0x00, 0x06, 0x00, 0x00, 0x00, 0xB8, 0x00, 0x00, 0x00,
	0xB7, 0x00, 0x00, 0x00, 0x00, 0x00, 0x00, 0x00, 0x51, 0x00, 0x05, 0x00, 0x06, 0x00, 0x00, 0x00,
	0xB9, 0x00, 0x00, 0x00, 0xB7, 0x00, 0x00, 0x00, 0x01, 0x00, 0x00, 0x00, 0x50, 0x00, 0x06, 0x00,
	0x07, 0x00, 0x00, 0x00, 0xBA, 0x00, 0x00, 0x00, 0xB2, 0x00, 0x00, 0x00, 0xB5, 0x00, 0x00, 0x00,
	0xB8, 0x00, 0x00, 0x00, 0x50, 0x00, 0x06, 0x00, 0x07, 0x00, 0x00, 0x00, 0xBB, 0x00, 0x00, 0x00,
	0xB3, 0x00, 0x00, 0x00, 0xB6, 0x00, 0x00, 0x00, 0xB9, 0x00, 0x00, 0x00, 0x50, 0x00, 0x05, 0x00,
	0x74, 0x00, 0x00, 0x00, 0xBC, 0x00, 0x00, 0x00, 0xBA, 0x00, 0x00, 0x00, 0xBB, 0x00, 0x00, 0x00,
	0x50, 0x00, 0x04, 0x00, 0x76, 0x00, 0x00, 0x00, 0xBD, 0x00, 0x00, 0x00, 0xBC, 0x00, 0x00, 0x00,
	0x3E, 0x00, 0x03, 0x00, 0x79, 0x00, 0x00, 0x00, 0xBD, 0x00, 0x00, 0x00, 0x3E, 0x00, 0x03, 0x00,
	0x7C, 0x00, 0x00, 0x00, 0xA5, 0x00, 0x00, 0x00, 0xF9, 0x00, 0x02, 0x00, 0xC2, 0x00, 0x00, 0x00,
	0xF8, 0x00, 0x02, 0x00, 0xC2, 0x00, 0x00, 0x00, 0xFD, 0x00, 0x01, 0x00, 0x38, 0x00, 0x01, 0x00
};
unsigned char vg_frag_spv0[14004] = {
	0x03, 0x02, 0x23, 0x07, 0x00, 0x03, 0x01, 0x00, 0x00, 0x00, 0x28, 0x00, 0x4F, 0x04, 0x00, 0x00,
	0x00, 0x00, 0x00, 0x00, 0x11, 0x00, 0x02, 0x00, 0x01, 0x00, 0x00, 0x00, 0x0B, 0x00, 0x06, 0x00,
	0xCB, 0x00, 0x00, 0x00, 0x47, 0x4C, 0x53, 0x4C, 0x2E, 0x73, 0x74, 0x64, 0x2E, 0x34, 0x35, 0x30,
	0x00, 0x00, 0x00, 0x00, 0x0E, 0x00, 0x03, 0x00, 0x00, 0x00, 0x00, 0x00, 0x01, 0x00, 0x00, 0x00,
	0x0F, 0x00, 0x0B, 0x00, 0x04, 0x00, 0x00, 0x00, 0x02, 0x00, 0x00, 0x00, 0x6D, 0x61, 0x69, 0x6E,
	0x00, 0x00, 0x00, 0x00, 0xEB, 0x01, 0x00, 0x00, 0x09, 0x00, 0x00, 0x00, 0x0D, 0x00, 0x00, 0x00,
	0x10, 0x00, 0x00, 0x00, 0x17, 0x00, 0x00, 0x00, 0x28, 0x00, 0x00, 0x00, 0x10, 0x00, 0x03, 0x00,
	0x02, 0x00, 0x00, 0x00, 0x07, 0x00, 0x00, 0x00, 0x03, 0x00, 0x03, 0x00, 0x0B, 0x00, 0x00, 0x00,
	0x01, 0x00, 0x00, 0x00, 0x05, 0x00, 0x05, 0x00, 0x09, 0x00, 0x00, 0x00, 0x69, 0x6E, 0x70, 0x75,
	0x74, 0x2E, 0x53, 0x72, 0x63, 0x00, 0x00, 0x00, 0x05, 0x00, 0x06, 0x00, 0x0D, 0x00, 0x00, 0x00,
	0x69, 0x6E, 0x70, 0x75, 0x74, 0x2E, 0x50, 0x61, 0x74, 0x54, 0x79, 0x70, 0x65, 0x00, 0x00, 0x00,
	0x05, 0x00, 0x06, 0x00, 0x10, 0x00, 0x00, 0x00, 0x69, 0x6E, 0x70, 0x75, 0x74, 0x2E, 0x4F, 0x70,
	0x61, 0x63, 0x69, 0x74, 0x79, 0x00, 0x00, 0x00, 0x05, 0x00, 0x0C, 0x00, 0x11, 0x00, 0x00, 0x00,
	0x5F, 0x4D, 0x61, 0x74, 0x72, 0x69, 0x78, 0x53, 0x74, 0x6F, 0x72, 0x61, 0x67, 0x65, 0x5F, 0x66,
	0x6C, 0x6F, 0x61, 0x74, 0x33, 0x78, 0x32, 0x5F, 0x43, 0x6F, 0x6C, 0x4D, 0x61, 0x6A, 0x6F, 0x72,
	0x6E, 0x61, 0x74, 0x75, 0x72, 0x61, 0x6C, 0x00, 0x06, 0x00, 0x05, 0x00, 0x11, 0x00, 0x00, 0x00,
	0x00, 0x00, 0x00, 0x00, 0x64, 0x61, 0x74, 0x61, 0x00, 0x00, 0x00, 0x00, 0x05, 0x00, 0x05, 0x00,
	0x17, 0x00, 0x00, 0x00, 0x69, 0x6E, 0x70, 0x75, 0x74, 0x2E, 0x4D, 0x61, 0x74, 0x00, 0x00, 0x00,
	0x05, 0x00, 0x0B, 0x00, 0x3C, 0x00, 0x00, 0x00, 0x5F, 0x41, 0x72, 0x72, 0x61, 0x79, 0x5F, 0x6E,
	0x61, 0x74, 0x75, 0x72, 0x61, 0x6C, 0x5F, 0x76, 0x65, 0x63, 0x74, 0x6F, 0x72, 0x3C, 0x66, 0x6C,
	0x6F, 0x61, 0x74, 0x2C, 0x34, 0x3E, 0x33, 0x32, 0x00, 0x00, 0x00, 0x00, 0x06, 0x00, 0x05, 0x00,
	0x3C, 0x00, 0x00, 0x00, 0x00, 0x00, 0x00, 0x00, 0x64, 0x61, 0x74, 0x61, 0x00, 0x00, 0x00, 0x00,
	0x05, 0x00, 0x08, 0x00, 0x3F, 0x00, 0x00, 0x00, 0x5F, 0x41, 0x72, 0x72, 0x61, 0x79, 0x5F, 0x6E,
	0x61, 0x74, 0x75, 0x72, 0x61, 0x6C, 0x5F, 0x66, 0x6C, 0x6F, 0x61, 0x74, 0x33, 0x32, 0x00, 0x00,
	0x06, 0x00, 0x05, 0x00, 0x3F, 0x00, 0x00, 0x00, 0x00, 0x00, 0x00, 0x00, 0x64, 0x61, 0x74, 0x61,
	0x00, 0x00, 0x00, 0x00, 0x05, 0x00, 0x0A, 0x00, 0x41, 0x00, 0x00, 0x00, 0x5F, 0x41, 0x72, 0x72,
	0x61, 0x79, 0x5F, 0x6E, 0x61, 0x74, 0x75, 0x72, 0x61, 0x6C, 0x5F, 0x76, 0x65, 0x63, 0x74, 0x6F,
	0x72, 0x3C, 0x66, 0x6C, 0x6F, 0x61, 0x74, 0x2C, 0x34, 0x3E, 0x32, 0x00, 0x06, 0x00, 0x05, 0x00,
	0x41, 0x00, 0x00, 0x00, 0x00, 0x00, 0x00, 0x00, 0x64, 0x61, 0x74, 0x61, 0x00, 0x00, 0x00, 0x00,
	0x05, 0x00, 0x07, 0x00, 0x3B, 0x00, 0x00, 0x00, 0x75, 0x62, 0x6F, 0x47, 0x72, 0x61, 0x64, 0x5F,
	0x5F, 0x6E, 0x61, 0x74, 0x75, 0x72, 0x61, 0x6C, 0x00, 0x00, 0x00, 0x00, 0x06, 0x00, 0x05, 0x00,
	0x3B, 0x00, 0x00, 0x00, 0x00, 0x00, 0x00, 0x00, 0x63, 0x6F, 0x6C, 0x6F, 0x72, 0x73, 0x00, 0x00,
	0x06, 0x00, 0x05, 0x00, 0x3B, 0x00, 0x00, 0x00, 0x01, 0x00, 0x00, 0x00, 0x73, 0x74, 0x6F, 0x70,
	0x73, 0x00, 0x00, 0x00, 0x06, 0x00, 0x04, 0x00, 0x3B, 0x00, 0x00, 0x00, 0x02, 0x00, 0x00, 0x00,
	0x63, 0x70, 0x00, 0x00, 0x06, 0x00, 0x04, 0x00, 0x3B, 0x00, 0x00, 0x00, 0x03, 0x00, 0x00, 0x00,
	0x6D, 0x00, 0x00, 0x00, 0x06, 0x00, 0x05, 0x00, 0x3B, 0x00, 0x00, 0x00, 0x04, 0x00, 0x00, 0x00,
	0x73, 0x63, 0x61, 0x6C, 0x65, 0x00, 0x00, 0x00, 0x06, 0x00, 0x05, 0x00, 0x3B, 0x00, 0x00, 0x00,
	0x05, 0x00, 0x00, 0x00, 0x63, 0x6F, 0x75, 0x6E, 0x74, 0x00, 0x00, 0x00, 0x06, 0x00, 0x05, 0x00,
	0x3B, 0x00, 0x00, 0x00, 0x06, 0x00, 0x00, 0x00, 0x65, 0x78, 0x74, 0x65, 0x6E, 0x64, 0x00, 0x00,
	0x05, 0x00, 0x04, 0x00, 0x46, 0x00, 0x00, 0x00, 0x75, 0x62, 0x6F, 0x47, 0x72, 0x61, 0x64, 0x00,
	0x05, 0x00, 0x04, 0x00, 0x75, 0x00, 0x00, 0x00, 0x73, 0x6F, 0x75, 0x72, 0x63, 0x65, 0x00, 0x00,
	0x05, 0x00, 0x03, 0x00, 0xE9, 0x01, 0x00, 0x00, 0x63, 0x00, 0x00, 0x00, 0x05, 0x00, 0x09, 0x00,
	0xEB, 0x01, 0x00, 0x00, 0x65, 0x6E, 0x74, 0x72, 0x79, 0x50, 0x6F, 0x69, 0x6E, 0x74, 0x50, 0x61,
	0x72, 0x61, 0x6D, 0x5F, 0x66, 0x72, 0x61, 0x67, 0x4D, 0x61, 0x69, 0x6E, 0x00, 0x00, 0x00, 0x00,
	0x05, 0x00, 0x05, 0x00, 0x02, 0x00, 0x00, 0x00, 0x66, 0x72, 0x61, 0x67, 0x4D, 0x61, 0x69, 0x6E,
	0x00, 0x00, 0x00, 0x00, 0x47, 0x00, 0x04, 0x00, 0x09, 0x00, 0x00, 0x00, 0x1E, 0x00, 0x00, 0x00,
	0x01, 0x00, 0x00, 0x00, 0x47, 0x00, 0x04, 0x00, 0x0D, 0x00, 0x00, 0x00, 0x1E, 0x00, 0x00, 0x00,
	0x02, 0x00, 0x00, 0x00, 0x47, 0x00, 0x03, 0x00, 0x0D, 0x00, 0x00, 0x00, 0x0E, 0x00, 0x00, 0x00,
	0x47, 0x00, 0x04, 0x00, 0x10, 0x00, 0x00, 0x00, 0x1E, 0x00, 0x00, 0x00, 0x03, 0x00, 0x00, 0x00,
	0x47, 0x00, 0x03, 0x00, 0x10, 0x00, 0x00, 0x00, 0x0E, 0x00, 0x00, 0x00, 0x47, 0x00, 0x04, 0x00,
	0x12, 0x00, 0x00, 0x00, 0x06, 0x00, 0x00, 0x00, 0x0C, 0x00, 0x00, 0x00, 0x48, 0x00, 0x05, 0x00,
	0x11, 0x00, 0x00, 0x00, 0x00, 0x00, 0x00, 0x00, 0x23, 0x00, 0x00, 0x00, 0x00, 0x00, 0x00, 0x00,
	0x47, 0x00, 0x04, 0x00, 0x17, 0x00, 0x00, 0x00, 0x1E, 0x00, 0x00, 0x00, 0x04, 0x00, 0x00, 0x00,
	0x47, 0x00, 0x04, 0x00, 0x28, 0x00, 0x00, 0x00, 0x0B, 0x00, 0x00, 0x00, 0x0F, 0x00, 0x00, 0x00,
	0x47, 0x00, 0x04, 0x00, 0x3D, 0x00, 0x00, 0x00, 0x06, 0x00, 0x00, 0x00, 0x10, 0x00, 0x00, 0x00,
	0x48, 0x00, 0x05, 0x00, 0x3C, 0x00, 0x00, 0x00, 0x00, 0x00, 0x00, 0x00, 0x23, 0x00, 0x00, 0x00,
	0x00, 0x00, 0x00, 0x00, 0x47, 0x00, 0x04, 0x00, 0x40, 0x00, 0x00, 0x00, 0x06, 0x00, 0x00, 0x00,
	0x04, 0x00, 0x00, 0x00, 0x48, 0x00, 0x05, 0x00, 0x3F, 0x00, 0x00, 0x00, 0x00, 0x00, 0x00, 0x00,
	0x23, 0x00, 0x00, 0x00, 0x00, 0x00, 0x00, 0x00, 0x47, 0x00, 0x04, 0x00, 0x42, 0x00, 0x00, 0x00,
	0x06, 0x00, 0x00, 0x00, 0x10, 0x00, 0x00, 0x00, 0x48, 0x00, 0x05, 0x00, 0x41, 0x00, 0x00, 0x00,
	0x00, 0x00, 0x00, 0x00, 0x23, 0x00, 0x00, 0x00, 0x00, 0x00, 0x00, 0x00, 0x47, 0x00, 0x03, 0x00,
	0x3B, 0x00, 0x00, 0x00, 0x02, 0x00, 0x00, 0x00, 0x48, 0x00, 0x05, 0x00, 0x3B, 0x00, 0x00, 0x00,
	0x00, 0x00, 0x00, 0x00, 0x23, 0x00, 0x00, 0x00, 0x00, 0x00, 0x00, 0x00, 0x48, 0x00, 0x05, 0x00,
	0x3B, 0x00, 0x00, 0x00, 0x01, 0x00, 0x00, 0x00, 0x23, 0x00, 0x00, 0x00, 0x00, 0x02, 0x00, 0x00,
	0x48, 0x00, 0x05, 0x00, 0x3B, 0x00, 0x00, 0x00, 0x02, 0x00, 0x00, 0x00, 0x23, 0x00, 0x00, 0x00,
	0x80, 0x02, 0x00, 0x00, 0x48, 0x00, 0x05, 0x00, 0x3B, 0x00, 0x00, 0x00, 0x03, 0x00, 0x00, 0x00,
	0x23, 0x00, 0x00, 0x00, 0xA0, 0x02, 0x00, 0x00, 0x48, 0x00, 0x05, 0x00, 0x3B, 0x00, 0x00, 0x00,
	0x04, 0x00, 0x00, 0x00, 0x23, 0x00, 0x00, 0x00, 0xB0, 0x02, 0x00, 0x00, 0x48, 0x00, 0x05, 0x00,
	0x3B, 0x00, 0x00, 0x00, 0x05, 0x00, 0x00, 0x00, 0x23, 0x00, 0x00, 0x00, 0xB8, 0x02, 0x00, 0x00,
	0x48, 0x00, 0x05, 0x00, 0x3B, 0x00, 0x00, 0x00, 0x06, 0x00, 0x00, 0x00, 0x23, 0x00, 0x00, 0x00,
	0xBC, 0x02, 0x00, 0x00, 0x47, 0x00, 0x04, 0x00, 0x46, 0x00, 0x00, 0x00, 0x21, 0x00, 0x00, 0x00,
	0x00, 0x00, 0x00, 0x00, 0x47, 0x00, 0x04, 0x00, 0x46, 0x00, 0x00, 0x00, 0x22, 0x00, 0x00, 0x00,
	0x00, 0x00, 0x00, 0x00, 0x47, 0x00, 0x04, 0x00, 0x75, 0x00, 0x00, 0x00, 0x21, 0x00, 0x00, 0x00,
	0x01, 0x00, 0x00, 0x00, 0x47, 0x00, 0x04, 0x00, 0x75, 0x00, 0x00, 0x00, 0x22, 0x00, 0x00, 0x00,
	0x00, 0x00, 0x00, 0x00, 0x47, 0x00, 0x04, 0x00, 0xEB, 0x01, 0x00, 0x00, 0x1E, 0x00, 0x00, 0x00,
	0x00, 0x00, 0x00, 0x00, 0x13, 0x00, 0x02, 0x00, 0x01, 0x00, 0x00, 0x00, 0x21, 0x00, 0x03, 0x00,
	0x03, 0x00, 0x00, 0x00, 0x01, 0x00, 0x00, 0x00, 0x16, 0x00, 0x03, 0x00, 0x05, 0x00, 0x00, 0x00,
	0x20, 0x00, 0x00, 0x00, 0x17, 0x00, 0x04, 0x00, 0x06, 0x00, 0x00, 0x00, 0x05, 0x00, 0x00, 0x00,
	0x04, 0x00, 0x00, 0x00, 0x20, 0x00, 0x04, 0x00, 0x08, 0x00, 0x00, 0x00, 0x01, 0x00, 0x00, 0x00,
	0x06, 0x00, 0x00, 0x00, 0x15, 0x00, 0x04, 0x00, 0x0A, 0x00, 0x00, 0x00, 0x20, 0x00, 0x00, 0x00,
	0x01, 0x00, 0x00, 0x00, 0x20, 0x00, 0x04, 0x00, 0x0C, 0x00, 0x00, 0x00, 0x01, 0x00, 0x00, 0x00,
	0x0A, 0x00, 0x00, 0x00, 0x20, 0x00, 0x04, 0x00, 0x0F, 0x00, 0x00, 0x00, 0x01, 0x00, 0x00, 0x00,
	0x05, 0x00, 0x00, 0x00, 0x17, 0x00, 0x04, 0x00, 0x13, 0x00, 0x00, 0x00, 0x05, 0x00, 0x00, 0x00,
	0x03, 0x00, 0x00, 0x00, 0x2B, 0x00, 0x04, 0x00, 0x0A, 0x00, 0x00, 0x00, 0x14, 0x00, 0x00, 0x00,
	0x02, 0x00, 0x00, 0x00, 0x1C, 0x00, 0x04, 0x00, 0x12, 0x00, 0x00, 0x00, 0x13, 0x00, 0x00, 0x00,
	0x14, 0x00, 0x00, 0x00, 0x1E, 0x00, 0x03, 0x00, 0x11, 0x00, 0x00, 0x00, 0x12, 0x00, 0x00, 0x00,
	0x20, 0x00, 0x04, 0x00, 0x16, 0x00, 0x00, 0x00, 0x01, 0x00, 0x00, 0x00, 0x11, 0x00, 0x00, 0x00,
	0x17, 0x00, 0x04, 0x00, 0x21, 0x00, 0x00, 0x00, 0x05, 0x00, 0x00, 0x00, 0x02, 0x00, 0x00, 0x00,
	0x20, 0x00, 0x04, 0x00, 0x32, 0x00, 0x00, 0x00, 0x07, 0x00, 0x00, 0x00, 0x06, 0x00, 0x00, 0x00,
	0x2B, 0x00, 0x04, 0x00, 0x0A, 0x00, 0x00, 0x00, 0x3E, 0x00, 0x00, 0x00, 0x20, 0x00, 0x00, 0x00,
	0x1C, 0x00, 0x04, 0x00, 0x3D, 0x00, 0x00, 0x00, 0x06, 0x00, 0x00, 0x00, 0x3E, 0x00, 0x00, 0x00,
	0x1E, 0x00, 0x03, 0x00, 0x3C, 0x00, 0x00, 0x00, 0x3D, 0x00, 0x00, 0x00, 0x1C, 0x00, 0x04, 0x00,
	0x40, 0x00, 0x00, 0x00, 0x05, 0x00, 0x00, 0x00, 0x3E, 0x00, 0x00, 0x00, 0x1E, 0x00, 0x03, 0x00,
	0x3F, 0x00, 0x00, 0x00, 0x40, 0x00, 0x00, 0x00, 0x1C, 0x00, 0x04, 0x00, 0x42, 0x00, 0x00, 0x00,
	0x06, 0x00, 0x00, 0x00, 0x14, 0x00, 0x00, 0x00, 0x1E, 0x00, 0x03, 0x00, 0x41, 0x00, 0x00, 0x00,
	0x42, 0x00, 0x00, 0x00, 0x17, 0x00, 0x04, 0x00, 0x43, 0x00, 0x00, 0x00, 0x0A, 0x00, 0x00, 0x00,
	0x04, 0x00, 0x00, 0x00, 0x15, 0x00, 0x04, 0x00, 0x44, 0x00, 0x00, 0x00, 0x20, 0x00, 0x00, 0x00,
	0x00, 0x00, 0x00, 0x00, 0x1E, 0x00, 0x09, 0x00, 0x3B, 0x00, 0x00, 0x00, 0x3C, 0x00, 0x00, 0x00,
	0x3F, 0x00, 0x00, 0x00, 0x41, 0x00, 0x00, 0x00, 0x43, 0x00, 0x00, 0x00, 0x21, 0x00, 0x00, 0x00,
	0x44, 0x00, 0x00, 0x00, 0x0A, 0x00, 0x00, 0x00, 0x20, 0x00, 0x04, 0x00, 0x45, 0x00, 0x00, 0x00,
	0x02, 0x00, 0x00, 0x00, 0x3B, 0x00, 0x00, 0x00, 0x2B, 0x00, 0x04, 0x00, 0x0A, 0x00, 0x00, 0x00,
	0x47, 0x00, 0x00, 0x00, 0x04, 0x00, 0x00, 0x00, 0x20, 0x00, 0x04, 0x00, 0x48, 0x00, 0x00, 0x00,
	0x02, 0x00, 0x00, 0x00, 0x21, 0x00, 0x00, 0x00, 0x2B, 0x00, 0x04, 0x00, 0x0A, 0x00, 0x00, 0x00,
	0x4D, 0x00, 0x00, 0x00, 0x06, 0x00, 0x00, 0x00, 0x20, 0x00, 0x04, 0x00, 0x4E, 0x00, 0x00, 0x00,
	0x02, 0x00, 0x00, 0x00, 0x0A, 0x00, 0x00, 0x00, 0x2B, 0x00, 0x04, 0x00, 0x0A, 0x00, 0x00, 0x00,
	0x51, 0x00, 0x00, 0x00, 0x05, 0x00, 0x00, 0x00, 0x20, 0x00, 0x04, 0x00, 0x52, 0x00, 0x00, 0x00,
	0x02, 0x00, 0x00, 0x00, 0x44, 0x00, 0x00, 0x00, 0x19, 0x00, 0x09, 0x00, 0x71, 0x00, 0x00, 0x00,
	0x05, 0x00, 0x00, 0x00, 0x01, 0x00, 0x00, 0x00, 0x02, 0x00, 0x00, 0x00, 0x00, 0x00, 0x00, 0x00,
	0x00, 0x00, 0x00, 0x00, 0x01, 0x00, 0x00, 0x00, 0x00, 0x00, 0x00, 0x00, 0x1B, 0x00, 0x03, 0x00,
	0x72, 0x00, 0x00, 0x00, 0x71, 0x00, 0x00, 0x00, 0x20, 0x00, 0x04, 0x00, 0x74, 0x00, 0x00, 0x00,
	0x00, 0x00, 0x00, 0x00, 0x72, 0x00, 0x00, 0x00, 0x20, 0x00, 0x04, 0x00, 0x84, 0x00, 0x00, 0x00,
	0x02, 0x00, 0x00, 0x00, 0x41, 0x00, 0x00, 0x00, 0x2B, 0x00, 0x04, 0x00, 0x0A, 0x00, 0x00, 0x00,
	0x86, 0x00, 0x00, 0x00, 0x00, 0x00, 0x00, 0x00, 0x20, 0x00, 0x04, 0x00, 0x87, 0x00, 0x00, 0x00,
	0x02, 0x00, 0x00, 0x00, 0x42, 0x00, 0x00, 0x00, 0x20, 0x00, 0x04, 0x00, 0x89, 0x00, 0x00, 0x00,
	0x02, 0x00, 0x00, 0x00, 0x06, 0x00, 0x00, 0x00, 0x14, 0x00, 0x02, 0x00, 0x92, 0x00, 0x00, 0x00,
	0x2B, 0x00, 0x04, 0x00, 0x05, 0x00, 0x00, 0x00, 0x94, 0x00, 0x00, 0x00, 0xBD, 0x37, 0x86, 0x35,
	0x2B, 0x00, 0x04, 0x00, 0x05, 0x00, 0x00, 0x00, 0x97, 0x00, 0x00, 0x00, 0x00, 0x00, 0x00, 0x00,
	0x2C, 0x00, 0x07, 0x00, 0x06, 0x00, 0x00, 0x00, 0x96, 0x00, 0x00, 0x00, 0x97, 0x00, 0x00, 0x00,
	0x97, 0x00, 0x00, 0x00, 0x97, 0x00, 0x00, 0x00, 0x97, 0x00, 0x00, 0x00, 0x2B, 0x00, 0x04, 0x00,
	0x0A, 0x00, 0x00, 0x00, 0x99, 0x00, 0x00, 0x00, 0x03, 0x00, 0x00, 0x00, 0x20, 0x00, 0x04, 0x00,
	0x9A, 0x00, 0x00, 0x00, 0x02, 0x00, 0x00, 0x00, 0x43, 0x00, 0x00, 0x00, 0x2B, 0x00, 0x04, 0x00,
	0x05, 0x00, 0x00, 0x00, 0xA6, 0x00, 0x00, 0x00, 0x00, 0x00, 0x80, 0x3A, 0x20, 0x00, 0x04, 0x00,
	0xBD, 0x00, 0x00, 0x00, 0x07, 0x00, 0x00, 0x00, 0x05, 0x00, 0x00, 0x00, 0x2B, 0x00, 0x04, 0x00,
	0x0A, 0x00, 0x00, 0x00, 0xC8, 0x00, 0x00, 0x00, 0x01, 0x00, 0x00, 0x00, 0x2B, 0x00, 0x04, 0x00,
	0x05, 0x00, 0x00, 0x00, 0xD1, 0x00, 0x00, 0x00, 0x00, 0x00, 0x00, 0x3F, 0x2B, 0x00, 0x04, 0x00,
	0x05, 0x00, 0x00, 0x00, 0xD4, 0x00, 0x00, 0x00, 0x00, 0x00, 0x00, 0x40, 0x2B, 0x00, 0x04, 0x00,
	0x05, 0x00, 0x00, 0x00, 0xD7, 0x00, 0x00, 0x00, 0x00, 0x00, 0x80, 0x3F, 0x20, 0x00, 0x04, 0x00,
	0xEB, 0x00, 0x00, 0x00, 0x07, 0x00, 0x00, 0x00, 0x0A, 0x00, 0x00, 0x00, 0x20, 0x00, 0x04, 0x00,
	0x09, 0x01, 0x00, 0x00, 0x02, 0x00, 0x00, 0x00, 0x3F, 0x00, 0x00, 0x00, 0x20, 0x00, 0x04, 0x00,
	0x0B, 0x01, 0x00, 0x00, 0x02, 0x00, 0x00, 0x00, 0x40, 0x00, 0x00, 0x00, 0x20, 0x00, 0x04, 0x00,
	0x0D, 0x01, 0x00, 0x00, 0x02, 0x00, 0x00, 0x00, 0x05, 0x00, 0x00, 0x00, 0x20, 0x00, 0x04, 0x00,
	0x11, 0x01, 0x00, 0x00, 0x02, 0x00, 0x00, 0x00, 0x3C, 0x00, 0x00, 0x00, 0x20, 0x00, 0x04, 0x00,
	0x13, 0x01, 0x00, 0x00, 0x02, 0x00, 0x00, 0x00, 0x3D, 0x00, 0x00, 0x00, 0x2C, 0x00, 0x07, 0x00,
	0x06, 0x00, 0x00, 0x00, 0x3B, 0x01, 0x00, 0x00, 0x97, 0x00, 0x00, 0x00, 0x97, 0x00, 0x00, 0x00,
	0x97, 0x00, 0x00, 0x00, 0x97, 0x00, 0x00, 0x00, 0x2B, 0x00, 0x04, 0x00, 0x05, 0x00, 0x00, 0x00,
	0x7F, 0x01, 0x00, 0x00, 0x00, 0x00, 0x00, 0xC0, 0x2B, 0x00, 0x04, 0x00, 0x05, 0x00, 0x00, 0x00,
	0x88, 0x01, 0x00, 0x00, 0x00, 0x00, 0x80, 0x40, 0x2C, 0x00, 0x07, 0x00, 0x06, 0x00, 0x00, 0x00,
	0x8D, 0x01, 0x00, 0x00, 0x97, 0x00, 0x00, 0x00, 0x97, 0x00, 0x00, 0x00, 0x97, 0x00, 0x00, 0x00,
	0x97, 0x00, 0x00, 0x00, 0x2C, 0x00, 0x07, 0x00, 0x06, 0x00, 0x00, 0x00, 0xA2, 0x01, 0x00, 0x00,
	0x97, 0x00, 0x00, 0x00, 0x97, 0x00, 0x00, 0x00, 0x97, 0x00, 0x00, 0x00, 0x97, 0x00, 0x00, 0x00,
	0x2C, 0x00, 0x07, 0x00, 0x06, 0x00, 0x00, 0x00, 0xC9, 0x01, 0x00, 0x00, 0x97, 0x00, 0x00, 0x00,
	0x97, 0x00, 0x00, 0x00, 0x97, 0x00, 0x00, 0x00, 0x97, 0x00, 0x00, 0x00, 0x20, 0x00, 0x04, 0x00,
	0xEA, 0x01, 0x00, 0x00, 0x03, 0x00, 0x00, 0x00, 0x06, 0x00, 0x00, 0x00, 0x3B, 0x00, 0x04, 0x00,
	0x08, 0x00, 0x00, 0x00, 0x09, 0x00, 0x00, 0x00, 0x01, 0x00, 0x00, 0x00, 0x3B, 0x00, 0x04, 0x00,
	0x0C, 0x00, 0x00, 0x00, 0x0D, 0x00, 0x00, 0x00, 0x01, 0x00, 0x00, 0x00, 0x3B, 0x00, 0x04, 0x00,
	0x0F, 0x00, 0x00, 0x00, 0x10, 0x00, 0x00, 0x00, 0x01, 0x00, 0x00, 0x00, 0x3B, 0x00, 0x04, 0x00,
	0x16, 0x00, 0x00, 0x00, 0x17, 0x00, 0x00, 0x00, 0x01, 0x00, 0x00, 0x00, 0x3B, 0x00, 0x04, 0x00,
	0x08, 0x00, 0x00, 0x00, 0x28, 0x00, 0x00, 0x00, 0x01, 0x00, 0x00, 0x00, 0x3B, 0x00, 0x04, 0x00,
	0x45, 0x00, 0x00, 0x00, 0x46, 0x00, 0x00, 0x00, 0x02, 0x00, 0x00, 0x00, 0x3B, 0x00, 0x04, 0x00,
	0x74, 0x00, 0x00, 0x00, 0x75, 0x00, 0x00, 0x00, 0x00, 0x00, 0x00, 0x00, 0x3B, 0x00, 0x04, 0x00,
	0xEA, 0x01, 0x00, 0x00, 0xEB, 0x01, 0x00, 0x00, 0x03, 0x00, 0x00, 0x00, 0x2B, 0x00, 0x04, 0x00,
	0x44, 0x00, 0x00, 0x00, 0xF2, 0x01, 0x00, 0x00, 0x00, 0x00, 0x00, 0x00, 0x2A, 0x00, 0x03, 0x00,
	0x92, 0x00, 0x00, 0x00, 0xF3, 0x01, 0x00, 0x00, 0x20, 0x00, 0x04, 0x00, 0xF4, 0x01, 0x00, 0x00,
	0x07, 0x00, 0x00, 0x00, 0x92, 0x00, 0x00, 0x00, 0x29, 0x00, 0x03, 0x00, 0x92, 0x00, 0x00, 0x00,
	0xF6, 0x01, 0x00, 0x00, 0x2B, 0x00, 0x04, 0x00, 0x05, 0x00, 0x00, 0x00, 0x4E, 0x04, 0x00, 0x00,
	0x83, 0xF9, 0xA2, 0x3E, 0x36, 0x00, 0x05, 0x00, 0x01, 0x00, 0x00, 0x00, 0x02, 0x00, 0x00, 0x00,
	0x00, 0x00, 0x00, 0x00, 0x03, 0x00, 0x00, 0x00, 0xF8, 0x00, 0x02, 0x00, 0x04, 0x00, 0x00, 0x00,
	0x3B, 0x00, 0x05, 0x00, 0xF4, 0x01, 0x00, 0x00, 0xFD, 0x03, 0x00, 0x00, 0x07, 0x00, 0x00, 0x00,
	0xF3, 0x01, 0x00, 0x00, 0x3B, 0x00, 0x04, 0x00, 0x32, 0x00, 0x00, 0x00, 0xFE, 0x03, 0x00, 0x00,
	0x07, 0x00, 0x00, 0x00, 0x3B, 0x00, 0x04, 0x00, 0xBD, 0x00, 0x00, 0x00, 0xFF, 0x03, 0x00, 0x00,
	0x07, 0x00, 0x00, 0x00, 0x3B, 0x00, 0x04, 0x00, 0x32, 0x00, 0x00, 0x00, 0x00, 0x04, 0x00, 0x00,
	0x07, 0x00, 0x00, 0x00, 0x3B, 0x00, 0x04, 0x00, 0xEB, 0x00, 0x00, 0x00, 0x01, 0x04, 0x00, 0x00,
	0x07, 0x00, 0x00, 0x00, 0x3B, 0x00, 0x04, 0x00, 0xBD, 0x00, 0x00, 0x00, 0x02, 0x04, 0x00, 0x00,
	0x07, 0x00, 0x00, 0x00, 0x3B, 0x00, 0x04, 0x00, 0xBD, 0x00, 0x00, 0x00, 0x03, 0x04, 0x00, 0x00,
	0x07, 0x00, 0x00, 0x00, 0x3B, 0x00, 0x04, 0x00, 0xBD, 0x00, 0x00, 0x00, 0xE2, 0x03, 0x00, 0x00,
	0x07, 0x00, 0x00, 0x00, 0x3B, 0x00, 0x04, 0x00, 0xBD, 0x00, 0x00, 0x00, 0xE3, 0x03, 0x00, 0x00,
	0x07, 0x00, 0x00, 0x00, 0x3B, 0x00, 0x04, 0x00, 0x32, 0x00, 0x00, 0x00, 0xB5, 0x03, 0x00, 0x00,
	0x07, 0x00, 0x00, 0x00, 0x3B, 0x00, 0x05, 0x00, 0xF4, 0x01, 0x00, 0x00, 0x63, 0x03, 0x00, 0x00,
	0x07, 0x00, 0x00, 0x00, 0xF3, 0x01, 0x00, 0x00, 0x3B, 0x00, 0x04, 0x00, 0x32, 0x00, 0x00, 0x00,
	0x64, 0x03, 0x00, 0x00, 0x07, 0x00, 0x00, 0x00, 0x3B, 0x00, 0x04, 0x00, 0xBD, 0x00, 0x00, 0x00,
	0x65, 0x03, 0x00, 0x00, 0x07, 0x00, 0x00, 0x00, 0x3B, 0x00, 0x04, 0x00, 0x32, 0x00, 0x00, 0x00,
	0x66, 0x03, 0x00, 0x00, 0x07, 0x00, 0x00, 0x00, 0x3B, 0x00, 0x04, 0x00, 0xEB, 0x00, 0x00, 0x00,
	0x67, 0x03, 0x00, 0x00, 0x07, 0x00, 0x00, 0x00, 0x3B, 0x00, 0x04, 0x00, 0xBD, 0x00, 0x00, 0x00,
	0x68, 0x03, 0x00, 0x00, 0x07, 0x00, 0x00, 0x00, 0x3B, 0x00, 0x04, 0x00, 0xBD, 0x00, 0x00, 0x00,
	0x69, 0x03, 0x00, 0x00, 0x07, 0x00, 0x00, 0x00, 0x3B, 0x00, 0x04, 0x00, 0xBD, 0x00, 0x00, 0x00,
	0x48, 0x03, 0x00, 0x00, 0x07, 0x00, 0x00, 0x00, 0x3B, 0x00, 0x04, 0x00, 0xBD, 0x00, 0x00, 0x00,
	0x49, 0x03, 0x00, 0x00, 0x07, 0x00, 0x00, 0x00, 0x3B, 0x00, 0x04, 0x00, 0x32, 0x00, 0x00, 0x00,
	0xEC, 0x02, 0x00, 0x00, 0x07, 0x00, 0x00, 0x00, 0x3B, 0x00, 0x04, 0x00, 0xBD, 0x00, 0x00, 0x00,
	0xED, 0x02, 0x00, 0x00, 0x07, 0x00, 0x00, 0x00, 0x3B, 0x00, 0x05, 0x00, 0xF4, 0x01, 0x00, 0x00,
	0x9A, 0x02, 0x00, 0x00, 0x07, 0x00, 0x00, 0x00, 0xF3, 0x01, 0x00, 0x00, 0x3B, 0x00, 0x04, 0x00,
	0x32, 0x00, 0x00, 0x00, 0x9B, 0x02, 0x00, 0x00, 0x07, 0x00, 0x00, 0x00, 0x3B, 0x00, 0x04, 0x00,
	0xBD, 0x00, 0x00, 0x00, 0x9C, 0x02, 0x00, 0x00, 0x07, 0x00, 0x00, 0x00, 0x3B, 0x00, 0x04, 0x00,
	0x32, 0x00, 0x00, 0x00, 0x9D, 0x02, 0x00, 0x00, 0x07, 0x00, 0x00, 0x00, 0x3B, 0x00, 0x04, 0x00,
	0xEB, 0x00, 0x00, 0x00, 0x9E, 0x02, 0x00, 0x00, 0x07, 0x00, 0x00, 0x00, 0x3B, 0x00, 0x04, 0x00,
	0xBD, 0x00, 0x00, 0x00, 0x9F, 0x02, 0x00, 0x00, 0x07, 0x00, 0x00, 0x00, 0x3B, 0x00, 0x04, 0x00,
	0xBD, 0x00, 0x00, 0x00, 0xA0, 0x02, 0x00, 0x00, 0x07, 0x00, 0x00, 0x00, 0x3B, 0x00, 0x04, 0x00,
	0xBD, 0x00, 0x00, 0x00, 0x7F, 0x02, 0x00, 0x00, 0x07, 0x00, 0x00, 0x00, 0x3B, 0x00, 0x04, 0x00,
	0xBD, 0x00, 0x00, 0x00, 0x80, 0x02, 0x00, 0x00, 0x07, 0x00, 0x00, 0x00, 0x3B, 0x00, 0x04, 0x00,
	0x32, 0x00, 0x00, 0x00, 0x45, 0x02, 0x00, 0x00, 0x07, 0x00, 0x00, 0x00, 0x3B, 0x00, 0x04, 0x00,
	0xBD, 0x00, 0x00, 0x00, 0x46, 0x02, 0x00, 0x00, 0x07, 0x00, 0x00, 0x00, 0x3B, 0x00, 0x04, 0x00,
	0x32, 0x00, 0x00, 0x00, 0x0D, 0x02, 0x00, 0x00, 0x07, 0x00, 0x00, 0x00, 0x3D, 0x00, 0x04, 0x00,
	0x06, 0x00, 0x00, 0x00, 0x07, 0x00, 0x00, 0x00, 0x09, 0x00, 0x00, 0x00, 0x3D, 0x00, 0x04, 0x00,
	0x0A, 0x00, 0x00, 0x00, 0x0B, 0x00, 0x00, 0x00, 0x0D, 0x00, 0x00, 0x00, 0x3D, 0x00, 0x04, 0x00,
	0x05, 0x00, 0x00, 0x00, 0x0E, 0x00, 0x00, 0x00, 0x10, 0x00, 0x00, 0x00, 0x3D, 0x00, 0x04, 0x00,
	0x11, 0x00, 0x00, 0x00, 0x15, 0x00, 0x00, 0x00, 0x17, 0x00, 0x00, 0x00, 0x51, 0x00, 0x05, 0x00,
	0x12, 0x00, 0x00, 0x00, 0x18, 0x00, 0x00, 0x00, 0x15, 0x00, 0x00, 0x00, 0x00, 0x00, 0x00, 0x00,
	0x51, 0x00, 0x05, 0x00, 0x13, 0x00, 0x00, 0x00, 0x19, 0x00, 0x00, 0x00, 0x18, 0x00, 0x00, 0x00,
	0x00, 0x00, 0x00, 0x00, 0x51, 0x00, 0x05, 0x00, 0x05, 0x00, 0x00, 0x00, 0x1A, 0x00, 0x00, 0x00,
	0x19, 0x00, 0x00, 0x00, 0x00, 0x00, 0x00, 0x00, 0x51, 0x00, 0x05, 0x00, 0x05, 0x00, 0x00, 0x00,
	0x1B, 0x00, 0x00, 0x00, 0x19, 0x00, 0x00, 0x00, 0x01, 0x00, 0x00, 0x00, 0x51, 0x00, 0x05, 0x00,
	0x05, 0x00, 0x00, 0x00, 0x1C, 0x00, 0x00, 0x00, 0x19, 0x00, 0x00, 0x00, 0x02, 0x00, 0x00, 0x00,
	0x51, 0x00, 0x05, 0x00, 0x13, 0x00, 0x00, 0x00, 0x1D, 0x00, 0x00, 0x00, 0x18, 0x00, 0x00, 0x00,
	0x01, 0x00, 0x00, 0x00, 0x51, 0x00, 0x05, 0x00, 0x05, 0x00, 0x00, 0x00, 0x1E, 0x00, 0x00, 0x00,
	0x1D, 0x00, 0x00, 0x00, 0x00, 0x00, 0x00, 0x00, 0x51, 0x00, 0x05, 0x00, 0x05, 0x00, 0x00, 0x00,
	0x1F, 0x00, 0x00, 0x00, 0x1D, 0x00, 0x00, 0x00, 0x01, 0x00, 0x00, 0x00, 0x51, 0x00, 0x05, 0x00,
	0x05, 0x00, 0x00, 0x00, 0x20, 0x00, 0x00, 0x00, 0x1D, 0x00, 0x00, 0x00, 0x02, 0x00, 0x00, 0x00,
	0x3D, 0x00, 0x04, 0x00, 0x06, 0x00, 0x00, 0x00, 0x27, 0x00, 0x00, 0x00, 0x28, 0x00, 0x00, 0x00,
	0x4F, 0x00, 0x07, 0x00, 0x21, 0x00, 0x00, 0x00, 0x29, 0x00, 0x00, 0x00, 0x27, 0x00, 0x00, 0x00,
	0x27, 0x00, 0x00, 0x00, 0x00, 0x00, 0x00, 0x00, 0x01, 0x00, 0x00, 0x00, 0x4F, 0x00, 0x07, 0x00,
	0x21, 0x00, 0x00, 0x00, 0x10, 0x02, 0x00, 0x00, 0x07, 0x00, 0x00, 0x00, 0x07, 0x00, 0x00, 0x00,
	0x00, 0x00, 0x00, 0x00, 0x01, 0x00, 0x00, 0x00, 0x41, 0x00, 0x05, 0x00, 0x48, 0x00, 0x00, 0x00,
	0x11, 0x02, 0x00, 0x00, 0x46, 0x00, 0x00, 0x00, 0x47, 0x00, 0x00, 0x00, 0x3D, 0x00, 0x04, 0x00,
	0x21, 0x00, 0x00, 0x00, 0x12, 0x02, 0x00, 0x00, 0x11, 0x02, 0x00, 0x00, 0x85, 0x00, 0x05, 0x00,
	0x21, 0x00, 0x00, 0x00, 0x13, 0x02, 0x00, 0x00, 0x10, 0x02, 0x00, 0x00, 0x12, 0x02, 0x00, 0x00,
	0x88, 0x00, 0x05, 0x00, 0x21, 0x00, 0x00, 0x00, 0x14, 0x02, 0x00, 0x00, 0x29, 0x00, 0x00, 0x00,
	0x13, 0x02, 0x00, 0x00, 0x41, 0x00, 0x05, 0x00, 0x4E, 0x00, 0x00, 0x00, 0x15, 0x02, 0x00, 0x00,
	0x46, 0x00, 0x00, 0x00, 0x4D, 0x00, 0x00, 0x00, 0x3D, 0x00, 0x04, 0x00, 0x0A, 0x00, 0x00, 0x00,
	0x16, 0x02, 0x00, 0x00, 0x15, 0x02, 0x00, 0x00, 0x41, 0x00, 0x05, 0x00, 0x52, 0x00, 0x00, 0x00,
	0x17, 0x02, 0x00, 0x00, 0x46, 0x00, 0x00, 0x00, 0x51, 0x00, 0x00, 0x00, 0x3D, 0x00, 0x04, 0x00,
	0x44, 0x00, 0x00, 0x00, 0x18, 0x02, 0x00, 0x00, 0x17, 0x02, 0x00, 0x00, 0x7C, 0x00, 0x04, 0x00,
	0x0A, 0x00, 0x00, 0x00, 0x19, 0x02, 0x00, 0x00, 0x18, 0x02, 0x00, 0x00, 0xF7, 0x00, 0x03, 0x00,
	0x3D, 0x02, 0x00, 0x00, 0x00, 0x00, 0x00, 0x00, 0xFB, 0x00, 0x0B, 0x00, 0x0B, 0x00, 0x00, 0x00,
	0x3C, 0x02, 0x00, 0x00, 0x01, 0x00, 0x00, 0x00, 0x20, 0x02, 0x00, 0x00, 0x02, 0x00, 0x00, 0x00,
	0x1E, 0x02, 0x00, 0x00, 0x03, 0x00, 0x00, 0x00, 0x1C, 0x02, 0x00, 0x00, 0x06, 0x00, 0x00, 0x00,
	0x1A, 0x02, 0x00, 0x00, 0xF8, 0x00, 0x02, 0x00, 0x1A, 0x02, 0x00, 0x00, 0xF7, 0x00, 0x03, 0x00,
	0x6A, 0x02, 0x00, 0x00, 0x00, 0x00, 0x00, 0x00, 0xFB, 0x00, 0x03, 0x00, 0xF2, 0x01, 0x00, 0x00,
	0x49, 0x02, 0x00, 0x00, 0xF8, 0x00, 0x02, 0x00, 0x49, 0x02, 0x00, 0x00, 0x41, 0x00, 0x05, 0x00,
	0x84, 0x00, 0x00, 0x00, 0x4A, 0x02, 0x00, 0x00, 0x46, 0x00, 0x00, 0x00, 0x14, 0x00, 0x00, 0x00,
	0x41, 0x00, 0x05, 0x00, 0x87, 0x00, 0x00, 0x00, 0x4B, 0x02, 0x00, 0x00, 0x4A, 0x02, 0x00, 0x00,
	0x86, 0x00, 0x00, 0x00, 0x41, 0x00, 0x05, 0x00, 0x89, 0x00, 0x00, 0x00, 0x4C, 0x02, 0x00, 0x00,
	0x4B, 0x02, 0x00, 0x00, 0x86, 0x00, 0x00, 0x00, 0x3D, 0x00, 0x04, 0x00, 0x06, 0x00, 0x00, 0x00,
	0x4D, 0x02, 0x00, 0x00, 0x4C, 0x02, 0x00, 0x00, 0x41, 0x00, 0x05, 0x00, 0x9A, 0x00, 0x00, 0x00,
	0x4E, 0x02, 0x00, 0x00, 0x46, 0x00, 0x00, 0x00, 0x99, 0x00, 0x00, 0x00, 0x3D, 0x00, 0x04, 0x00,
	0x43, 0x00, 0x00, 0x00, 0x4F, 0x02, 0x00, 0x00, 0x4E, 0x02, 0x00, 0x00, 0x4F, 0x00, 0x07, 0x00,
	0x21, 0x00, 0x00, 0x00, 0x50, 0x02, 0x00, 0x00, 0x4D, 0x02, 0x00, 0x00, 0x4D, 0x02, 0x00, 0x00,
	0x00, 0x00, 0x00, 0x00, 0x01, 0x00, 0x00, 0x00, 0x88, 0x00, 0x05, 0x00, 0x21, 0x00, 0x00, 0x00,
	0x51, 0x02, 0x00, 0x00, 0x50, 0x02, 0x00, 0x00, 0x13, 0x02, 0x00, 0x00, 0x51, 0x00, 0x05, 0x00,
	0x05, 0x00, 0x00, 0x00, 0x52, 0x02, 0x00, 0x00, 0x4D, 0x02, 0x00, 0x00, 0x02, 0x00, 0x00, 0x00,
	0x51, 0x00, 0x05, 0x00, 0x05, 0x00, 0x00, 0x00, 0x53, 0x02, 0x00, 0x00, 0x4D, 0x02, 0x00, 0x00,
	0x03, 0x00, 0x00, 0x00, 0x83, 0x00, 0x05, 0x00, 0x05, 0x00, 0x00, 0x00, 0x54, 0x02, 0x00, 0x00,
	0x53, 0x02, 0x00, 0x00, 0x52, 0x02, 0x00, 0x00, 0x0C, 0x00, 0x06, 0x00, 0x05, 0x00, 0x00, 0x00,
	0x55, 0x02, 0x00, 0x00, 0xCB, 0x00, 0x00, 0x00, 0x04, 0x00, 0x00, 0x00, 0x54, 0x02, 0x00, 0x00,
	0xB8, 0x00, 0x05, 0x00, 0x92, 0x00, 0x00, 0x00, 0x56, 0x02, 0x00, 0x00, 0x55, 0x02, 0x00, 0x00,
	0x94, 0x00, 0x00, 0x00, 0xF7, 0x00, 0x03, 0x00, 0x58, 0x02, 0x00, 0x00, 0x00, 0x00, 0x00, 0x00,
	0xFA, 0x00, 0x04, 0x00, 0x56, 0x02, 0x00, 0x00, 0x57, 0x02, 0x00, 0x00, 0x58, 0x02, 0x00, 0x00,
	0xF8, 0x00, 0x02, 0x00, 0x57, 0x02, 0x00, 0x00, 0x3E, 0x00, 0x03, 0x00, 0x45, 0x02, 0x00, 0x00,
	0xC9, 0x01, 0x00, 0x00, 0xF9, 0x00, 0x02, 0x00, 0x6A, 0x02, 0x00, 0x00, 0xF8, 0x00, 0x02, 0x00,
	0x58, 0x02, 0x00, 0x00, 0x83, 0x00, 0x05, 0x00, 0x21, 0x00, 0x00, 0x00, 0x59, 0x02, 0x00, 0x00,
	0x14, 0x02, 0x00, 0x00, 0x51, 0x02, 0x00, 0x00, 0x0C, 0x00, 0x06, 0x00, 0x21, 0x00, 0x00, 0x00,
	0x5A, 0x02, 0x00, 0x00, 0xCB, 0x00, 0x00, 0x00, 0x45, 0x00, 0x00, 0x00, 0x59, 0x02, 0x00, 0x00,
	0x6F, 0x00, 0x04, 0x00, 0x06, 0x00, 0x00, 0x00, 0x6F, 0x02, 0x00, 0x00, 0x4F, 0x02, 0x00, 0x00,
	0x8E, 0x00, 0x05, 0x00, 0x06, 0x00, 0x00, 0x00, 0x70, 0x02, 0x00, 0x00, 0x6F, 0x02, 0x00, 0x00,
	0xA6, 0x00, 0x00, 0x00, 0x51, 0x00, 0x05, 0x00, 0x05, 0x00, 0x00, 0x00, 0x71, 0x02, 0x00, 0x00,
	0x70, 0x02, 0x00, 0x00, 0x00, 0x00, 0x00, 0x00, 0x51, 0x00, 0x05, 0x00, 0x05, 0x00, 0x00, 0x00,
	0x72, 0x02, 0x00, 0x00, 0x5A, 0x02, 0x00, 0x00, 0x00, 0x00, 0x00, 0x00, 0x85, 0x00, 0x05, 0x00,
	0x05, 0x00, 0x00, 0x00, 0x73, 0x02, 0x00, 0x00, 0x71, 0x02, 0x00, 0x00, 0x72, 0x02, 0x00, 0x00,
	0x51, 0x00, 0x05, 0x00, 0x05, 0x00, 0x00, 0x00, 0x74, 0x02, 0x00, 0x00, 0x70, 0x02, 0x00, 0x00,
	0x01, 0x00, 0x00, 0x00, 0x51, 0x00, 0x05, 0x00, 0x05, 0x00, 0x00, 0x00, 0x75, 0x02, 0x00, 0x00,
	0x5A, 0x02, 0x00, 0x00, 0x01, 0x00, 0x00, 0x00, 0x85, 0x00, 0x05, 0x00, 0x05, 0x00, 0x00, 0x00,
	0x76, 0x02, 0x00, 0x00, 0x74, 0x02, 0x00, 0x00, 0x75, 0x02, 0x00, 0x00, 0x81, 0x00, 0x05, 0x00,
	0x05, 0x00, 0x00, 0x00, 0x77, 0x02, 0x00, 0x00, 0x73, 0x02, 0x00, 0x00, 0x76, 0x02, 0x00, 0x00,
	0x51, 0x00, 0x05, 0x00, 0x05, 0x00, 0x00, 0x00, 0x78, 0x02, 0x00, 0x00, 0x70, 0x02, 0x00, 0x00,
	0x02, 0x00, 0x00, 0x00, 0x85, 0x00, 0x05, 0x00, 0x05, 0x00, 0x00, 0x00, 0x79, 0x02, 0x00, 0x00,
	0x78, 0x02, 0x00, 0x00, 0x72, 0x02, 0x00, 0x00, 0x51, 0x00, 0x05, 0x00, 0x05, 0x00, 0x00, 0x00,
	0x7A, 0x02, 0x00, 0x00, 0x70, 0x02, 0x00, 0x00, 0x03, 0x00, 0x00, 0x00, 0x85, 0x00, 0x05, 0x00,
	0x05, 0x00, 0x00, 0x00, 0x7B, 0x02, 0x00, 0x00, 0x7A, 0x02, 0x00, 0x00, 0x75, 0x02, 0x00, 0x00,
	0x81, 0x00, 0x05, 0x00, 0x05, 0x00, 0x00, 0x00, 0x7C, 0x02, 0x00, 0x00, 0x79, 0x02, 0x00, 0x00,
	0x7B, 0x02, 0x00, 0x00, 0x50, 0x00, 0x05, 0x00, 0x21, 0x00, 0x00, 0x00, 0x7D, 0x02, 0x00, 0x00,
	0x77, 0x02, 0x00, 0x00, 0x7C, 0x02, 0x00, 0x00, 0x51, 0x00, 0x05, 0x00, 0x05, 0x00, 0x00, 0x00,
	0x5C, 0x02, 0x00, 0x00, 0x7D, 0x02, 0x00, 0x00, 0x01, 0x00, 0x00, 0x00, 0x51, 0x00, 0x05, 0x00,
	0x05, 0x00, 0x00, 0x00, 0x5D, 0x02, 0x00, 0x00, 0x7D, 0x02, 0x00, 0x00, 0x00, 0x00, 0x00, 0x00,
	0x0C, 0x00, 0x07, 0x00, 0x05, 0x00, 0x00, 0x00, 0x5E, 0x02, 0x00, 0x00, 0xCB, 0x00, 0x00, 0x00,
	0x19, 0x00, 0x00, 0x00, 0x5C, 0x02, 0x00, 0x00, 0x5D, 0x02, 0x00, 0x00, 0x85, 0x00, 0x05, 0x00,
	0x05, 0x00, 0x00, 0x00, 0x5F, 0x02, 0x00, 0x00, 0x5E, 0x02, 0x00, 0x00, 0x4E, 0x04, 0x00, 0x00,
	0xB8, 0x00, 0x05, 0x00, 0x92, 0x00, 0x00, 0x00, 0x60, 0x02, 0x00, 0x00, 0x5F, 0x02, 0x00, 0x00,
	0x97, 0x00, 0x00, 0x00, 0xF7, 0x00, 0x03, 0x00, 0x64, 0x02, 0x00, 0x00, 0x00, 0x00, 0x00, 0x00,
	0xFA, 0x00, 0x04, 0x00, 0x60, 0x02, 0x00, 0x00, 0x62, 0x02, 0x00, 0x00, 0x61, 0x02, 0x00, 0x00,
	0xF8, 0x00, 0x02, 0x00, 0x61, 0x02, 0x00, 0x00, 0x3E, 0x00, 0x03, 0x00, 0x46, 0x02, 0x00, 0x00,
	0x5F, 0x02, 0x00, 0x00, 0xF9, 0x00, 0x02, 0x00, 0x64, 0x02, 0x00, 0x00, 0xF8, 0x00, 0x02, 0x00,
	0x62, 0x02, 0x00, 0x00, 0x81, 0x00, 0x05, 0x00, 0x05, 0x00, 0x00, 0x00, 0x63, 0x02, 0x00, 0x00,
	0x5F, 0x02, 0x00, 0x00, 0xD4, 0x00, 0x00, 0x00, 0x3E, 0x00, 0x03, 0x00, 0x46, 0x02, 0x00, 0x00,
	0x63, 0x02, 0x00, 0x00, 0xF9, 0x00, 0x02, 0x00, 0x64, 0x02, 0x00, 0x00, 0xF8, 0x00, 0x02, 0x00,
	0x64, 0x02, 0x00, 0x00, 0x3D, 0x00, 0x04, 0x00, 0x05, 0x00, 0x00, 0x00, 0x65, 0x02, 0x00, 0x00,
	0x46, 0x02, 0x00, 0x00, 0x83, 0x00, 0x05, 0x00, 0x05, 0x00, 0x00, 0x00, 0x66, 0x02, 0x00, 0x00,
	0x65, 0x02, 0x00, 0x00, 0x52, 0x02, 0x00, 0x00, 0x88, 0x00, 0x05, 0x00, 0x05, 0x00, 0x00, 0x00,
	0x67, 0x02, 0x00, 0x00, 0x66, 0x02, 0x00, 0x00, 0x54, 0x02, 0x00, 0x00, 0xF7, 0x00, 0x03, 0x00,
	0x98, 0x02, 0x00, 0x00, 0x00, 0x00, 0x00, 0x00, 0xFB, 0x00, 0x03, 0x00, 0xF2, 0x01, 0x00, 0x00,
	0x83, 0x02, 0x00, 0x00, 0xF8, 0x00, 0x02, 0x00, 0x83, 0x02, 0x00, 0x00, 0xAA, 0x00, 0x05, 0x00,
	0x92, 0x00, 0x00, 0x00, 0x84, 0x02, 0x00, 0x00, 0x16, 0x02, 0x00, 0x00, 0xC8, 0x00, 0x00, 0x00,
	0xF7, 0x00, 0x03, 0x00, 0x96, 0x02, 0x00, 0x00, 0x00, 0x00, 0x00, 0x00, 0xFA, 0x00, 0x04, 0x00,
	0x84, 0x02, 0x00, 0x00, 0x93, 0x02, 0x00, 0x00, 0x85, 0x02, 0x00, 0x00, 0xF8, 0x00, 0x02, 0x00,
	0x85, 0x02, 0x00, 0x00, 0xAA, 0x00, 0x05, 0x00, 0x92, 0x00, 0x00, 0x00, 0x86, 0x02, 0x00, 0x00,
	0x16, 0x02, 0x00, 0x00, 0x14, 0x00, 0x00, 0x00, 0xF7, 0x00, 0x03, 0x00, 0x92, 0x02, 0x00, 0x00,
	0x00, 0x00, 0x00, 0x00, 0xFA, 0x00, 0x04, 0x00, 0x86, 0x02, 0x00, 0x00, 0x87, 0x02, 0x00, 0x00,
	0x92, 0x02, 0x00, 0x00, 0xF8, 0x00, 0x02, 0x00, 0x87, 0x02, 0x00, 0x00, 0x85, 0x00, 0x05, 0x00,
	0x05, 0x00, 0x00, 0x00, 0x88, 0x02, 0x00, 0x00, 0x67, 0x02, 0x00, 0x00, 0xD1, 0x00, 0x00, 0x00,
	0x0C, 0x00, 0x06, 0x00, 0x05, 0x00, 0x00, 0x00, 0x89, 0x02, 0x00, 0x00, 0xCB, 0x00, 0x00, 0x00,
	0x08, 0x00, 0x00, 0x00, 0x88, 0x02, 0x00, 0x00, 0x85, 0x00, 0x05, 0x00, 0x05, 0x00, 0x00, 0x00,
	0x8A, 0x02, 0x00, 0x00, 0xD4, 0x00, 0x00, 0x00, 0x89, 0x02, 0x00, 0x00, 0x83, 0x00, 0x05, 0x00,
	0x05, 0x00, 0x00, 0x00, 0x8B, 0x02, 0x00, 0x00, 0x67, 0x02, 0x00, 0x00, 0x8A, 0x02, 0x00, 0x00,
	0xBA, 0x00, 0x05, 0x00, 0x92, 0x00, 0x00, 0x00, 0x8C, 0x02, 0x00, 0x00, 0x8B, 0x02, 0x00, 0x00,
	0xD7, 0x00, 0x00, 0x00, 0xF7, 0x00, 0x03, 0x00, 0x90, 0x02, 0x00, 0x00, 0x00, 0x00, 0x00, 0x00,
	0xFA, 0x00, 0x04, 0x00, 0x8C, 0x02, 0x00, 0x00, 0x8E, 0x02, 0x00, 0x00, 0x8D, 0x02, 0x00, 0x00,
	0xF8, 0x00, 0x02, 0x00, 0x8D, 0x02, 0x00, 0x00, 0x3E, 0x00, 0x03, 0x00, 0x80, 0x02, 0x00, 0x00,
	0x8B, 0x02, 0x00, 0x00, 0xF9, 0x00, 0x02, 0x00, 0x90, 0x02, 0x00, 0x00, 0xF8, 0x00, 0x02, 0x00,
	0x8E, 0x02, 0x00, 0x00, 0x83, 0x00, 0x05, 0x00, 0x05, 0x00, 0x00, 0x00, 0x8F, 0x02, 0x00, 0x00,
	0xD4, 0x00, 0x00, 0x00, 0x8B, 0x02, 0x00, 0x00, 0x3E, 0x00, 0x03, 0x00, 0x80, 0x02, 0x00, 0x00,
	0x8F, 0x02, 0x00, 0x00, 0xF9, 0x00, 0x02, 0x00, 0x90, 0x02, 0x00, 0x00, 0xF8, 0x00, 0x02, 0x00,
	0x90, 0x02, 0x00, 0x00, 0x3D, 0x00, 0x04, 0x00, 0x05, 0x00, 0x00, 0x00, 0x91, 0x02, 0x00, 0x00,
	0x80, 0x02, 0x00, 0x00, 0x3E, 0x00, 0x03, 0x00, 0x7F, 0x02, 0x00, 0x00, 0x91, 0x02, 0x00, 0x00,
	0xF9, 0x00, 0x02, 0x00, 0x98, 0x02, 0x00, 0x00, 0xF8, 0x00, 0x02, 0x00, 0x92, 0x02, 0x00, 0x00,
	0xF9, 0x00, 0x02, 0x00, 0x96, 0x02, 0x00, 0x00, 0xF8, 0x00, 0x02, 0x00, 0x93, 0x02, 0x00, 0x00,
	0x0C, 0x00, 0x06, 0x00, 0x05, 0x00, 0x00, 0x00, 0x94, 0x02, 0x00, 0x00, 0xCB, 0x00, 0x00, 0x00,
	0x08, 0x00, 0x00, 0x00, 0x67, 0x02, 0x00, 0x00, 0x83, 0x00, 0x05, 0x00, 0x05, 0x00, 0x00, 0x00,
	0x95, 0x02, 0x00, 0x00, 0x67, 0x02, 0x00, 0x00, 0x94, 0x02, 0x00, 0x00, 0x3E, 0x00, 0x03, 0x00,
	0x7F, 0x02, 0x00, 0x00, 0x95, 0x02, 0x00, 0x00, 0xF9, 0x00, 0x02, 0x00, 0x98, 0x02, 0x00, 0x00,
	0xF8, 0x00, 0x02, 0x00, 0x96, 0x02, 0x00, 0x00, 0x0C, 0x00, 0x08, 0x00, 0x05, 0x00, 0x00, 0x00,
	0x97, 0x02, 0x00, 0x00, 0xCB, 0x00, 0x00, 0x00, 0x2B, 0x00, 0x00, 0x00, 0x67, 0x02, 0x00, 0x00,
	0x97, 0x00, 0x00, 0x00, 0xD7, 0x00, 0x00, 0x00, 0x3E, 0x00, 0x03, 0x00, 0x7F, 0x02, 0x00, 0x00,
	0x97, 0x02, 0x00, 0x00, 0xF9, 0x00, 0x02, 0x00, 0x98, 0x02, 0x00, 0x00, 0xF8, 0x00, 0x02, 0x00,
	0x98, 0x02, 0x00, 0x00, 0x3D, 0x00, 0x04, 0x00, 0x05, 0x00, 0x00, 0x00, 0x99, 0x02, 0x00, 0x00,
	0x7F, 0x02, 0x00, 0x00, 0x3E, 0x00, 0x03, 0x00, 0x9A, 0x02, 0x00, 0x00, 0xF3, 0x01, 0x00, 0x00,
	0xF7, 0x00, 0x03, 0x00, 0xD5, 0x02, 0x00, 0x00, 0x00, 0x00, 0x00, 0x00, 0xFB, 0x00, 0x03, 0x00,
	0xF2, 0x01, 0x00, 0x00, 0xA3, 0x02, 0x00, 0x00, 0xF8, 0x00, 0x02, 0x00, 0xA3, 0x02, 0x00, 0x00,
	0x41, 0x00, 0x05, 0x00, 0x09, 0x01, 0x00, 0x00, 0xD9, 0x02, 0x00, 0x00, 0x46, 0x00, 0x00, 0x00,
	0xC8, 0x00, 0x00, 0x00, 0x41, 0x00, 0x05, 0x00, 0x0B, 0x01, 0x00, 0x00, 0xDA, 0x02, 0x00, 0x00,
	0xD9, 0x02, 0x00, 0x00, 0x86, 0x00, 0x00, 0x00, 0x41, 0x00, 0x05, 0x00, 0x0D, 0x01, 0x00, 0x00,
	0xDB, 0x02, 0x00, 0x00, 0xDA, 0x02, 0x00, 0x00, 0x86, 0x00, 0x00, 0x00, 0x3D, 0x00, 0x04, 0x00,
	0x05, 0x00, 0x00, 0x00, 0xDC, 0x02, 0x00, 0x00, 0xDB, 0x02, 0x00, 0x00, 0x3E, 0x00, 0x03, 0x00,
	0x9C, 0x02, 0x00, 0x00, 0xDC, 0x02, 0x00, 0x00, 0x41, 0x00, 0x05, 0x00, 0x11, 0x01, 0x00, 0x00,
	0xDD, 0x02, 0x00, 0x00, 0x46, 0x00, 0x00, 0x00, 0x86, 0x00, 0x00, 0x00, 0x41, 0x00, 0x05, 0x00,
	0x13, 0x01, 0x00, 0x00, 0xDE, 0x02, 0x00, 0x00, 0xDD, 0x02, 0x00, 0x00, 0x86, 0x00, 0x00, 0x00,
	0x41, 0x00, 0x05, 0x00, 0x89, 0x00, 0x00, 0x00, 0xDF, 0x02, 0x00, 0x00, 0xDE, 0x02, 0x00, 0x00,
	0x86, 0x00, 0x00, 0x00, 0x3D, 0x00, 0x04, 0x00, 0x06, 0x00, 0x00, 0x00, 0xE0, 0x02, 0x00, 0x00,
	0xDF, 0x02, 0x00, 0x00, 0xBC, 0x00, 0x05, 0x00, 0x92, 0x00, 0x00, 0x00, 0xA6, 0x02, 0x00, 0x00,
	0x99, 0x02, 0x00, 0x00, 0xDC, 0x02, 0x00, 0x00, 0xF7, 0x00, 0x03, 0x00, 0xA8, 0x02, 0x00, 0x00,
	0x00, 0x00, 0x00, 0x00, 0xFA, 0x00, 0x04, 0x00, 0xA6, 0x02, 0x00, 0x00, 0xA7, 0x02, 0x00, 0x00,
	0xA8, 0x02, 0x00, 0x00, 0xF8, 0x00, 0x02, 0x00, 0xA7, 0x02, 0x00, 0x00, 0x3E, 0x00, 0x03, 0x00,
	0x9A, 0x02, 0x00, 0x00, 0xF6, 0x01, 0x00, 0x00, 0x3E, 0x00, 0x03, 0x00, 0x9B, 0x02, 0x00, 0x00,
	0xE0, 0x02, 0x00, 0x00, 0xF9, 0x00, 0x02, 0x00, 0xD5, 0x02, 0x00, 0x00, 0xF8, 0x00, 0x02, 0x00,
	0xA8, 0x02, 0x00, 0x00, 0x3E, 0x00, 0x03, 0x00, 0x9D, 0x02, 0x00, 0x00, 0xE0, 0x02, 0x00, 0x00,
	0x3E, 0x00, 0x03, 0x00, 0x9E, 0x02, 0x00, 0x00, 0xC8, 0x00, 0x00, 0x00, 0xF9, 0x00, 0x02, 0x00,
	0xA9, 0x02, 0x00, 0x00, 0xF8, 0x00, 0x02, 0x00, 0xA9, 0x02, 0x00, 0x00, 0xF6, 0x00, 0x04, 0x00,
	0xD1, 0x02, 0x00, 0x00, 0xD0, 0x02, 0x00, 0x00, 0x00, 0x00, 0x00, 0x00, 0xF9, 0x00, 0x02, 0x00,
	0xAA, 0x02, 0x00, 0x00, 0xF8, 0x00, 0x02, 0x00, 0xAA, 0x02, 0x00, 0x00, 0xF9, 0x00, 0x02, 0x00,
	0xAB, 0x02, 0x00, 0x00, 0xF8, 0x00, 0x02, 0x00, 0xAB, 0x02, 0x00, 0x00, 0xF9, 0x00, 0x02, 0x00,
	0xAC, 0x02, 0x00, 0x00, 0xF8, 0x00, 0x02, 0x00, 0xAC, 0x02, 0x00, 0x00, 0x3D, 0x00, 0x04, 0x00,
	0x0A, 0x00, 0x00, 0x00, 0xAD, 0x02, 0x00, 0x00, 0x9E, 0x02, 0x00, 0x00, 0xB1, 0x00, 0x05, 0x00,
	0x92, 0x00, 0x00, 0x00, 0xAE, 0x02, 0x00, 0x00, 0xAD, 0x02, 0x00, 0x00, 0x19, 0x02, 0x00, 0x00,
	0xF7, 0x00, 0x03, 0x00, 0xB0, 0x02, 0x00, 0x00, 0x00, 0x00, 0x00, 0x00, 0xFA, 0x00, 0x04, 0x00,
	0xAE, 0x02, 0x00, 0x00, 0xB0, 0x02, 0x00, 0x00, 0xAF, 0x02, 0x00, 0x00, 0xF8, 0x00, 0x02, 0x00,
	0xAF, 0x02, 0x00, 0x00, 0xF9, 0x00, 0x02, 0x00, 0xD1, 0x02, 0x00, 0x00, 0xF8, 0x00, 0x02, 0x00,
	0xB0, 0x02, 0x00, 0x00, 0x3D, 0x00, 0x04, 0x00, 0x0A, 0x00, 0x00, 0x00, 0xB1, 0x02, 0x00, 0x00,
	0x9E, 0x02, 0x00, 0x00, 0x41, 0x00, 0x05, 0x00, 0x09, 0x01, 0x00, 0x00, 0xE3, 0x02, 0x00, 0x00,
	0x46, 0x00, 0x00, 0x00, 0xC8, 0x00, 0x00, 0x00, 0x41, 0x00, 0x05, 0x00, 0x0B, 0x01, 0x00, 0x00,
	0xE4, 0x02, 0x00, 0x00, 0xE3, 0x02, 0x00, 0x00, 0x86, 0x00, 0x00, 0x00, 0x41, 0x00, 0x05, 0x00,
	0x0D, 0x01, 0x00, 0x00, 0xE5, 0x02, 0x00, 0x00, 0xE4, 0x02, 0x00, 0x00, 0xB1, 0x02, 0x00, 0x00,
	0x3D, 0x00, 0x04, 0x00, 0x05, 0x00, 0x00, 0x00, 0xE6, 0x02, 0x00, 0x00, 0xE5, 0x02, 0x00, 0x00,
	0x3E, 0x00, 0x03, 0x00, 0x9F, 0x02, 0x00, 0x00, 0xE6, 0x02, 0x00, 0x00, 0x41, 0x00, 0x05, 0x00,
	0x11, 0x01, 0x00, 0x00, 0xE7, 0x02, 0x00, 0x00, 0x46, 0x00, 0x00, 0x00, 0x86, 0x00, 0x00, 0x00,
	0x41, 0x00, 0x05, 0x00, 0x13, 0x01, 0x00, 0x00, 0xE8, 0x02, 0x00, 0x00, 0xE7, 0x02, 0x00, 0x00,
	0x86, 0x00, 0x00, 0x00, 0x41, 0x00, 0x05, 0x00, 0x89, 0x00, 0x00, 0x00, 0xE9, 0x02, 0x00, 0x00,
	0xE8, 0x02, 0x00, 0x00, 0xB1, 0x02, 0x00, 0x00, 0x3D, 0x00, 0x04, 0x00, 0x06, 0x00, 0x00, 0x00,
	0xEA, 0x02, 0x00, 0x00, 0xE9, 0x02, 0x00, 0x00, 0xBC, 0x00, 0x05, 0x00, 0x92, 0x00, 0x00, 0x00,
	0xB4, 0x02, 0x00, 0x00, 0x99, 0x02, 0x00, 0x00, 0xE6, 0x02, 0x00, 0x00, 0xF7, 0x00, 0x03, 0x00,
	0xCA, 0x02, 0x00, 0x00, 0x00, 0x00, 0x00, 0x00, 0xFA, 0x00, 0x04, 0x00, 0xB4, 0x02, 0x00, 0x00,
	0xB5, 0x02, 0x00, 0x00, 0xCA, 0x02, 0x00, 0x00, 0xF8, 0x00, 0x02, 0x00, 0xB5, 0x02, 0x00, 0x00,
	0x3D, 0x00, 0x04, 0x00, 0x05, 0x00, 0x00, 0x00, 0xB6, 0x02, 0x00, 0x00, 0x9F, 0x02, 0x00, 0x00,
	0x3D, 0x00, 0x04, 0x00, 0x05, 0x00, 0x00, 0x00, 0xB7, 0x02, 0x00, 0x00, 0x9C, 0x02, 0x00, 0x00,
	0x83, 0x00, 0x05, 0x00, 0x05, 0x00, 0x00, 0x00, 0xB8, 0x02, 0x00, 0x00, 0xB6, 0x02, 0x00, 0x00,
	0xB7, 0x02, 0x00, 0x00, 0xBA, 0x00, 0x05, 0x00, 0x92, 0x00, 0x00, 0x00, 0xB9, 0x02, 0x00, 0x00,
	0xB8, 0x02, 0x00, 0x00, 0x94, 0x00, 0x00, 0x00, 0xF7, 0x00, 0x03, 0x00, 0xBF, 0x02, 0x00, 0x00,
	0x00, 0x00, 0x00, 0x00, 0xFA, 0x00, 0x04, 0x00, 0xB9, 0x02, 0x00, 0x00, 0xBB, 0x02, 0x00, 0x00,
	0xBA, 0x02, 0x00, 0x00, 0xF8, 0x00, 0x02, 0x00, 0xBA, 0x02, 0x00, 0x00, 0x3E, 0x00, 0x03, 0x00,
	0xA0, 0x02, 0x00, 0x00, 0x97, 0x00, 0x00, 0x00, 0xF9, 0x00, 0x02, 0x00, 0xBF, 0x02, 0x00, 0x00,
	0xF8, 0x00, 0x02, 0x00, 0xBB, 0x02, 0x00, 0x00, 0x3D, 0x00, 0x04, 0x00, 0x05, 0x00, 0x00, 0x00,
	0xBC, 0x02, 0x00, 0x00, 0x9C, 0x02, 0x00, 0x00, 0x83, 0x00, 0x05, 0x00, 0x05, 0x00, 0x00, 0x00,
	0xBD, 0x02, 0x00, 0x00, 0x99, 0x02, 0x00, 0x00, 0xBC, 0x02, 0x00, 0x00, 0x88, 0x00, 0x05, 0x00,
	0x05, 0x00, 0x00, 0x00, 0xBE, 0x02, 0x00, 0x00, 0xBD, 0x02, 0x00, 0x00, 0xB8, 0x02, 0x00, 0x00,
	0x3E, 0x00, 0x03, 0x00, 0xA0, 0x02, 0x00, 0x00, 0xBE, 0x02, 0x00, 0x00, 0xF9, 0x00, 0x02, 0x00,
	0xBF, 0x02, 0x00, 0x00, 0xF8, 0x00, 0x02, 0x00, 0xBF, 0x02, 0x00, 0x00, 0x3D, 0x00, 0x04, 0x00,
	0x05, 0x00, 0x00, 0x00, 0xC0, 0x02, 0x00, 0x00, 0xA0, 0x02, 0x00, 0x00, 0x50, 0x00, 0x07, 0x00,
	0x06, 0x00, 0x00, 0x00, 0xC1, 0x02, 0x00, 0x00, 0xC0, 0x02, 0x00, 0x00, 0xC0, 0x02, 0x00, 0x00,
	0xC0, 0x02, 0x00, 0x00, 0xC0, 0x02, 0x00, 0x00, 0x3D, 0x00, 0x04, 0x00, 0x06, 0x00, 0x00, 0x00,
	0xC2, 0x02, 0x00, 0x00, 0x9D, 0x02, 0x00, 0x00, 0x0C, 0x00, 0x08, 0x00, 0x06, 0x00, 0x00, 0x00,
	0xC3, 0x02, 0x00, 0x00, 0xCB, 0x00, 0x00, 0x00, 0x2E, 0x00, 0x00, 0x00, 0xC2, 0x02, 0x00, 0x00,
	0xEA, 0x02, 0x00, 0x00, 0xC1, 0x02, 0x00, 0x00, 0x51, 0x00, 0x05, 0x00, 0x05, 0x00, 0x00, 0x00,
	0xC4, 0x02, 0x00, 0x00, 0xC3, 0x02, 0x00, 0x00, 0x03, 0x00, 0x00, 0x00, 0xBA, 0x00, 0x05, 0x00,
	0x92, 0x00, 0x00, 0x00, 0xC5, 0x02, 0x00, 0x00, 0xC4, 0x02, 0x00, 0x00, 0x94, 0x00, 0x00, 0x00,
	0xF7, 0x00, 0x03, 0x00, 0xC8, 0x02, 0x00, 0x00, 0x00, 0x00, 0x00, 0x00, 0xFA, 0x00, 0x04, 0x00,
	0xC5, 0x02, 0x00, 0x00, 0xC7, 0x02, 0x00, 0x00, 0xC6, 0x02, 0x00, 0x00, 0xF8, 0x00, 0x02, 0x00,
	0xC6, 0x02, 0x00, 0x00, 0x3E, 0x00, 0x03, 0x00, 0x9D, 0x02, 0x00, 0x00, 0x3B, 0x01, 0x00, 0x00,
	0xF9, 0x00, 0x02, 0x00, 0xC8, 0x02, 0x00, 0x00, 0xF8, 0x00, 0x02, 0x00, 0xC7, 0x02, 0x00, 0x00,
	0x3E, 0x00, 0x03, 0x00, 0x9D, 0x02, 0x00, 0x00, 0xC3, 0x02, 0x00, 0x00, 0xF9, 0x00, 0x02, 0x00,
	0xC8, 0x02, 0x00, 0x00, 0xF8, 0x00, 0x02, 0x00, 0xC8, 0x02, 0x00, 0x00, 0x3D, 0x00, 0x04, 0x00,
	0x06, 0x00, 0x00, 0x00, 0xC9, 0x02, 0x00, 0x00, 0x9D, 0x02, 0x00, 0x00, 0x3E, 0x00, 0x03, 0x00,
	0x9A, 0x02, 0x00, 0x00, 0xF6, 0x01, 0x00, 0x00, 0x3E, 0x00, 0x03, 0x00, 0x9B, 0x02, 0x00, 0x00,
	0xC9, 0x02, 0x00, 0x00, 0xF9, 0x00, 0x02, 0x00, 0xD1, 0x02, 0x00, 0x00, 0xF8, 0x00, 0x02, 0x00,
	0xCA, 0x02, 0x00, 0x00, 0x3D, 0x00, 0x04, 0x00, 0x05, 0x00, 0x00, 0x00, 0xCB, 0x02, 0x00, 0x00,
	0x9F, 0x02, 0x00, 0x00, 0x3E, 0x00, 0x03, 0x00, 0x9C, 0x02, 0x00, 0x00, 0xCB, 0x02, 0x00, 0x00,
	0xF9, 0x00, 0x02, 0x00, 0xCC, 0x02, 0x00, 0x00, 0xF8, 0x00, 0x02, 0x00, 0xCC, 0x02, 0x00, 0x00,
	0xF9, 0x00, 0x02, 0x00, 0xCD, 0x02, 0x00, 0x00, 0xF8, 0x00, 0x02, 0x00, 0xCD, 0x02, 0x00, 0x00,
	0x3D, 0x00, 0x04, 0x00, 0x0A, 0x00, 0x00, 0x00, 0xCE, 0x02, 0x00, 0x00, 0x9E, 0x02, 0x00, 0x00,
	0x80, 0x00, 0x05, 0x00, 0x0A, 0x00, 0x00, 0x00, 0xCF, 0x02, 0x00, 0x00, 0xCE, 0x02, 0x00, 0x00,
	0xC8, 0x00, 0x00, 0x00, 0x3E, 0x00, 0x03, 0x00, 0x9D, 0x02, 0x00, 0x00, 0xEA, 0x02, 0x00, 0x00,
	0x3E, 0x00, 0x03, 0x00, 0x9E, 0x02, 0x00, 0x00, 0xCF, 0x02, 0x00, 0x00, 0xF9, 0x00, 0x02, 0x00,
	0xD0, 0x02, 0x00, 0x00, 0xF8, 0x00, 0x02, 0x00, 0xD0, 0x02, 0x00, 0x00, 0xF9, 0x00, 0x02, 0x00,
	0xA9, 0x02, 0x00, 0x00, 0xF8, 0x00, 0x02, 0x00, 0xD1, 0x02, 0x00, 0x00, 0x3D, 0x00, 0x04, 0x00,
	0x92, 0x00, 0x00, 0x00, 0xD2, 0x02, 0x00, 0x00, 0x9A, 0x02, 0x00, 0x00, 0xF7, 0x00, 0x03, 0x00,
	0xD3, 0x02, 0x00, 0x00, 0x00, 0x00, 0x00, 0x00, 0xFA, 0x00, 0x04, 0x00, 0xD2, 0x02, 0x00, 0x00,
	0xD5, 0x02, 0x00, 0x00, 0xD3, 0x02, 0x00, 0x00, 0xF8, 0x00, 0x02, 0x00, 0xD3, 0x02, 0x00, 0x00,
	0x3D, 0x00, 0x04, 0x00, 0x06, 0x00, 0x00, 0x00, 0xD4, 0x02, 0x00, 0x00, 0x9D, 0x02, 0x00, 0x00,
	0x3E, 0x00, 0x03, 0x00, 0x9A, 0x02, 0x00, 0x00, 0xF6, 0x01, 0x00, 0x00, 0x3E, 0x00, 0x03, 0x00,
	0x9B, 0x02, 0x00, 0x00, 0xD4, 0x02, 0x00, 0x00, 0xF9, 0x00, 0x02, 0x00, 0xD5, 0x02, 0x00, 0x00,
	0xF8, 0x00, 0x02, 0x00, 0xD5, 0x02, 0x00, 0x00, 0x3D, 0x00, 0x04, 0x00, 0x06, 0x00, 0x00, 0x00,
	0xD6, 0x02, 0x00, 0x00, 0x9B, 0x02, 0x00, 0x00, 0x3E, 0x00, 0x03, 0x00, 0x45, 0x02, 0x00, 0x00,
	0xD6, 0x02, 0x00, 0x00, 0xF9, 0x00, 0x02, 0x00, 0x6A, 0x02, 0x00, 0x00, 0xF8, 0x00, 0x02, 0x00,
	0x6A, 0x02, 0x00, 0x00, 0x3D, 0x00, 0x04, 0x00, 0x06, 0x00, 0x00, 0x00, 0x6B, 0x02, 0x00, 0x00,
	0x45, 0x02, 0x00, 0x00, 0x3E, 0x00, 0x03, 0x00, 0x0D, 0x02, 0x00, 0x00, 0x6B, 0x02, 0x00, 0x00,
	0xF9, 0x00, 0x02, 0x00, 0x3D, 0x02, 0x00, 0x00, 0xF8, 0x00, 0x02, 0x00, 0x1C, 0x02, 0x00, 0x00,
	0xF7, 0x00, 0x03, 0x00, 0x34, 0x03, 0x00, 0x00, 0x00, 0x00, 0x00, 0x00, 0xFB, 0x00, 0x03, 0x00,
	0xF2, 0x01, 0x00, 0x00, 0xF0, 0x02, 0x00, 0x00, 0xF8, 0x00, 0x02, 0x00, 0xF0, 0x02, 0x00, 0x00,
	0x41, 0x00, 0x05, 0x00, 0x9A, 0x00, 0x00, 0x00, 0xF1, 0x02, 0x00, 0x00, 0x46, 0x00, 0x00, 0x00,
	0x99, 0x00, 0x00, 0x00, 0x3D, 0x00, 0x04, 0x00, 0x43, 0x00, 0x00, 0x00, 0xF2, 0x02, 0x00, 0x00,
	0xF1, 0x02, 0x00, 0x00, 0x41, 0x00, 0x05, 0x00, 0x84, 0x00, 0x00, 0x00, 0xF3, 0x02, 0x00, 0x00,
	0x46, 0x00, 0x00, 0x00, 0x14, 0x00, 0x00, 0x00, 0x41, 0x00, 0x05, 0x00, 0x87, 0x00, 0x00, 0x00,
	0xF4, 0x02, 0x00, 0x00, 0xF3, 0x02, 0x00, 0x00, 0x86, 0x00, 0x00, 0x00, 0x41, 0x00, 0x05, 0x00,
	0x89, 0x00, 0x00, 0x00, 0xF5, 0x02, 0x00, 0x00, 0xF4, 0x02, 0x00, 0x00, 0x86, 0x00, 0x00, 0x00,
	0x3D, 0x00, 0x04, 0x00, 0x06, 0x00, 0x00, 0x00, 0xF6, 0x02, 0x00, 0x00, 0xF5, 0x02, 0x00, 0x00,
	0x4F, 0x00, 0x07, 0x00, 0x21, 0x00, 0x00, 0x00, 0xF7, 0x02, 0x00, 0x00, 0xF6, 0x02, 0x00, 0x00,
	0xF6, 0x02, 0x00, 0x00, 0x00, 0x00, 0x00, 0x00, 0x01, 0x00, 0x00, 0x00, 0x88, 0x00, 0x05, 0x00,
	0x21, 0x00, 0x00, 0x00, 0xF8, 0x02, 0x00, 0x00, 0xF7, 0x02, 0x00, 0x00, 0x13, 0x02, 0x00, 0x00,
	0x41, 0x00, 0x05, 0x00, 0x89, 0x00, 0x00, 0x00, 0xF9, 0x02, 0x00, 0x00, 0xF4, 0x02, 0x00, 0x00,
	0xC8, 0x00, 0x00, 0x00, 0x3D, 0x00, 0x04, 0x00, 0x06, 0x00, 0x00, 0x00, 0xFA, 0x02, 0x00, 0x00,
	0xF9, 0x02, 0x00, 0x00, 0x4F, 0x00, 0x07, 0x00, 0x21, 0x00, 0x00, 0x00, 0xFB, 0x02, 0x00, 0x00,
	0xFA, 0x02, 0x00, 0x00, 0xFA, 0x02, 0x00, 0x00, 0x00, 0x00, 0x00, 0x00, 0x01, 0x00, 0x00, 0x00,
	0x88, 0x00, 0x05, 0x00, 0x21, 0x00, 0x00, 0x00, 0xFC, 0x02, 0x00, 0x00, 0xFB, 0x02, 0x00, 0x00,
	0x13, 0x02, 0x00, 0x00, 0x83, 0x00, 0x05, 0x00, 0x21, 0x00, 0x00, 0x00, 0xFD, 0x02, 0x00, 0x00,
	0xFC, 0x02, 0x00, 0x00, 0xF8, 0x02, 0x00, 0x00, 0x3D, 0x00, 0x04, 0x00, 0x06, 0x00, 0x00, 0x00,
	0xFE, 0x02, 0x00, 0x00, 0xF5, 0x02, 0x00, 0x00, 0x51, 0x00, 0x05, 0x00, 0x05, 0x00, 0x00, 0x00,
	0xFF, 0x02, 0x00, 0x00, 0xFE, 0x02, 0x00, 0x00, 0x02, 0x00, 0x00, 0x00, 0x51, 0x00, 0x05, 0x00,
	0x05, 0x00, 0x00, 0x00, 0x00, 0x03, 0x00, 0x00, 0x13, 0x02, 0x00, 0x00, 0x00, 0x00, 0x00, 0x00,
	0x88, 0x00, 0x05, 0x00, 0x05, 0x00, 0x00, 0x00, 0x01, 0x03, 0x00, 0x00, 0xFF, 0x02, 0x00, 0x00,
	0x00, 0x03, 0x00, 0x00, 0x3D, 0x00, 0x04, 0x00, 0x06, 0x00, 0x00, 0x00, 0x02, 0x03, 0x00, 0x00,
	0xF9, 0x02, 0x00, 0x00, 0x51, 0x00, 0x05, 0x00, 0x05, 0x00, 0x00, 0x00, 0x03, 0x03, 0x00, 0x00,
	0x02, 0x03, 0x00, 0x00, 0x02, 0x00, 0x00, 0x00, 0x88, 0x00, 0x05, 0x00, 0x05, 0x00, 0x00, 0x00,
	0x04, 0x03, 0x00, 0x00, 0x03, 0x03, 0x00, 0x00, 0x00, 0x03, 0x00, 0x00, 0x83, 0x00, 0x05, 0x00,
	0x05, 0x00, 0x00, 0x00, 0x05, 0x03, 0x00, 0x00, 0x04, 0x03, 0x00, 0x00, 0x01, 0x03, 0x00, 0x00,
	0x83, 0x00, 0x05, 0x00, 0x21, 0x00, 0x00, 0x00, 0x06, 0x03, 0x00, 0x00, 0x14, 0x02, 0x00, 0x00,
	0xF8, 0x02, 0x00, 0x00, 0x6F, 0x00, 0x04, 0x00, 0x06, 0x00, 0x00, 0x00, 0x38, 0x03, 0x00, 0x00,
	0xF2, 0x02, 0x00, 0x00, 0x8E, 0x00, 0x05, 0x00, 0x06, 0x00, 0x00, 0x00, 0x39, 0x03, 0x00, 0x00,
	0x38, 0x03, 0x00, 0x00, 0xA6, 0x00, 0x00, 0x00, 0x51, 0x00, 0x05, 0x00, 0x05, 0x00, 0x00, 0x00,
	0x3A, 0x03, 0x00, 0x00, 0x39, 0x03, 0x00, 0x00, 0x00, 0x00, 0x00, 0x00, 0x51, 0x00, 0x05, 0x00,
	0x05, 0x00, 0x00, 0x00, 0x3B, 0x03, 0x00, 0x00, 0x06, 0x03, 0x00, 0x00, 0x00, 0x00, 0x00, 0x00,
	0x85, 0x00, 0x05, 0x00, 0x05, 0x00, 0x00, 0x00, 0x3C, 0x03, 0x00, 0x00, 0x3A, 0x03, 0x00, 0x00,
	0x3B, 0x03, 0x00, 0x00, 0x51, 0x00, 0x05, 0x00, 0x05, 0x00, 0x00, 0x00, 0x3D, 0x03, 0x00, 0x00,
	0x39, 0x03, 0x00, 0x00, 0x01, 0x00, 0x00, 0x00, 0x51, 0x00, 0x05, 0x00, 0x05, 0x00, 0x00, 0x00,
	0x3E, 0x03, 0x00, 0x00, 0x06, 0x03, 0x00, 0x00, 0x01, 0x00, 0x00, 0x00, 0x85, 0x00, 0x05, 0x00,
	0x05, 0x00, 0x00, 0x00, 0x3F, 0x03, 0x00, 0x00, 0x3D, 0x03, 0x00, 0x00, 0x3E, 0x03, 0x00, 0x00,
	0x81, 0x00, 0x05, 0x00, 0x05, 0x00, 0x00, 0x00, 0x40, 0x03, 0x00, 0x00, 0x3C, 0x03, 0x00, 0x00,
	0x3F, 0x03, 0x00, 0x00, 0x51, 0x00, 0x05, 0x00, 0x05, 0x00, 0x00, 0x00, 0x41, 0x03, 0x00, 0x00,
	0x39, 0x03, 0x00, 0x00, 0x02, 0x00, 0x00, 0x00, 0x85, 0x00, 0x05, 0x00, 0x05, 0x00, 0x00, 0x00,
	0x42, 0x03, 0x00, 0x00, 0x41, 0x03, 0x00, 0x00, 0x3B, 0x03, 0x00, 0x00, 0x51, 0x00, 0x05, 0x00,
	0x05, 0x00, 0x00, 0x00, 0x43, 0x03, 0x00, 0x00, 0x39, 0x03, 0x00, 0x00, 0x03, 0x00, 0x00, 0x00,
	0x85, 0x00, 0x05, 0x00, 0x05, 0x00, 0x00, 0x00, 0x44, 0x03, 0x00, 0x00, 0x43, 0x03, 0x00, 0x00,
	0x3E, 0x03, 0x00, 0x00, 0x81, 0x00, 0x05, 0x00, 0x05, 0x00, 0x00, 0x00, 0x45, 0x03, 0x00, 0x00,
	0x42, 0x03, 0x00, 0x00, 0x44, 0x03, 0x00, 0x00, 0x50, 0x00, 0x05, 0x00, 0x21, 0x00, 0x00, 0x00,
	0x46, 0x03, 0x00, 0x00, 0x40, 0x03, 0x00, 0x00, 0x45, 0x03, 0x00, 0x00, 0x94, 0x00, 0x05, 0x00,
	0x05, 0x00, 0x00, 0x00, 0x08, 0x03, 0x00, 0x00, 0xFD, 0x02, 0x00, 0x00, 0xFD, 0x02, 0x00, 0x00,
	0x85, 0x00, 0x05, 0x00, 0x05, 0x00, 0x00, 0x00, 0x09, 0x03, 0x00, 0x00, 0x05, 0x03, 0x00, 0x00,
	0x05, 0x03, 0x00, 0x00, 0x83, 0x00, 0x05, 0x00, 0x05, 0x00, 0x00, 0x00, 0x0A, 0x03, 0x00, 0x00,
	0x08, 0x03, 0x00, 0x00, 0x09, 0x03, 0x00, 0x00, 0x94, 0x00, 0x05, 0x00, 0x05, 0x00, 0x00, 0x00,
	0x0B, 0x03, 0x00, 0x00, 0x46, 0x03, 0x00, 0x00, 0xFD, 0x02, 0x00, 0x00, 0x85, 0x00, 0x05, 0x00,
	0x05, 0x00, 0x00, 0x00, 0x0C, 0x03, 0x00, 0x00, 0x01, 0x03, 0x00, 0x00, 0x05, 0x03, 0x00, 0x00,
	0x81, 0x00, 0x05, 0x00, 0x05, 0x00, 0x00, 0x00, 0x0D, 0x03, 0x00, 0x00, 0x0B, 0x03, 0x00, 0x00,
	0x0C, 0x03, 0x00, 0x00, 0x85, 0x00, 0x05, 0x00, 0x05, 0x00, 0x00, 0x00, 0x0E, 0x03, 0x00, 0x00,
	0x7F, 0x01, 0x00, 0x00, 0x0D, 0x03, 0x00, 0x00, 0x94, 0x00, 0x05, 0x00, 0x05, 0x00, 0x00, 0x00,
	0x0F, 0x03, 0x00, 0x00, 0x46, 0x03, 0x00, 0x00, 0x46, 0x03, 0x00, 0x00, 0x85, 0x00, 0x05, 0x00,
	0x05, 0x00, 0x00, 0x00, 0x10, 0x03, 0x00, 0x00, 0x01, 0x03, 0x00, 0x00, 0x01, 0x03, 0x00, 0x00,
	0x83, 0x00, 0x05, 0x00, 0x05, 0x00, 0x00, 0x00, 0x11, 0x03, 0x00, 0x00, 0x0F, 0x03, 0x00, 0x00,
	0x10, 0x03, 0x00, 0x00, 0x0C, 0x00, 0x06, 0x00, 0x05, 0x00, 0x00, 0x00, 0x12, 0x03, 0x00, 0x00,
	0xCB, 0x00, 0x00, 0x00, 0x04, 0x00, 0x00, 0x00, 0x0A, 0x03, 0x00, 0x00, 0xBA, 0x00, 0x05, 0x00,
	0x92, 0x00, 0x00, 0x00, 0x13, 0x03, 0x00, 0x00, 0x12, 0x03, 0x00, 0x00, 0x94, 0x00, 0x00, 0x00,
	0xF7, 0x00, 0x03, 0x00, 0x30, 0x03, 0x00, 0x00, 0x00, 0x00, 0x00, 0x00, 0xFA, 0x00, 0x04, 0x00,
	0x13, 0x03, 0x00, 0x00, 0x1B, 0x03, 0x00, 0x00, 0x14, 0x03, 0x00, 0x00, 0xF8, 0x00, 0x02, 0x00,
	0x14, 0x03, 0x00, 0x00, 0x0C, 0x00, 0x06, 0x00, 0x05, 0x00, 0x00, 0x00, 0x15, 0x03, 0x00, 0x00,
	0xCB, 0x00, 0x00, 0x00, 0x04, 0x00, 0x00, 0x00, 0x0E, 0x03, 0x00, 0x00, 0xB8, 0x00, 0x05, 0x00,
	0x92, 0x00, 0x00, 0x00, 0x16, 0x03, 0x00, 0x00, 0x15, 0x03, 0x00, 0x00, 0x94, 0x00, 0x00, 0x00,
	0xF7, 0x00, 0x03, 0x00, 0x18, 0x03, 0x00, 0x00, 0x00, 0x00, 0x00, 0x00, 0xFA, 0x00, 0x04, 0x00,
	0x16, 0x03, 0x00, 0x00, 0x17, 0x03, 0x00, 0x00, 0x18, 0x03, 0x00, 0x00, 0xF8, 0x00, 0x02, 0x00,
	0x17, 0x03, 0x00, 0x00, 0x3E, 0x00, 0x03, 0x00, 0xEC, 0x02, 0x00, 0x00, 0xA2, 0x01, 0x00, 0x00,
	0xF9, 0x00, 0x02, 0x00, 0x34, 0x03, 0x00, 0x00, 0xF8, 0x00, 0x02, 0x00, 0x18, 0x03, 0x00, 0x00,
	0x7F, 0x00, 0x04, 0x00, 0x05, 0x00, 0x00, 0x00, 0x19, 0x03, 0x00, 0x00, 0x11, 0x03, 0x00, 0x00,
	0x88, 0x00, 0x05, 0x00, 0x05, 0x00, 0x00, 0x00, 0x1A, 0x03, 0x00, 0x00, 0x19, 0x03, 0x00, 0x00,
	0x0E, 0x03, 0x00, 0x00, 0x3E, 0x00, 0x03, 0x00, 0xED, 0x02, 0x00, 0x00, 0x1A, 0x03, 0x00, 0x00,
	0xF9, 0x00, 0x02, 0x00, 0x30, 0x03, 0x00, 0x00, 0xF8, 0x00, 0x02, 0x00, 0x1B, 0x03, 0x00, 0x00,
	0x85, 0x00, 0x05, 0x00, 0x05, 0x00, 0x00, 0x00, 0x1C, 0x03, 0x00, 0x00, 0x0E, 0x03, 0x00, 0x00,
	0x0E, 0x03, 0x00, 0x00, 0x85, 0x00, 0x05, 0x00, 0x05, 0x00, 0x00, 0x00, 0x1D, 0x03, 0x00, 0x00,
	0x88, 0x01, 0x00, 0x00, 0x0A, 0x03, 0x00, 0x00, 0x85, 0x00, 0x05, 0x00, 0x05, 0x00, 0x00, 0x00,
	0x1E, 0x03, 0x00, 0x00, 0x1D, 0x03, 0x00, 0x00, 0x11, 0x03, 0x00, 0x00, 0x83, 0x00, 0x05, 0x00,
	0x05, 0x00, 0x00, 0x00, 0x1F, 0x03, 0x00, 0x00, 0x1C, 0x03, 0x00, 0x00, 0x1E, 0x03, 0x00, 0x00,
	0xB8, 0x00, 0x05, 0x00, 0x92, 0x00, 0x00, 0x00, 0x20, 0x03, 0x00, 0x00, 0x1F, 0x03, 0x00, 0x00,
	0x97, 0x00, 0x00, 0x00, 0xF7, 0x00, 0x03, 0x00, 0x22, 0x03, 0x00, 0x00, 0x00, 0x00, 0x00, 0x00,
	0xFA, 0x00, 0x04, 0x00, 0x20, 0x03, 0x00, 0x00, 0x21, 0x03, 0x00, 0x00, 0x22, 0x03, 0x00, 0x00,
	0xF8, 0x00, 0x02, 0x00, 0x21, 0x03, 0x00, 0x00, 0x3E, 0x00, 0x03, 0x00, 0xEC, 0x02, 0x00, 0x00,
	0x8D, 0x01, 0x00, 0x00, 0xF9, 0x00, 0x02, 0x00, 0x34, 0x03, 0x00, 0x00, 0xF8, 0x00, 0x02, 0x00,
	0x22, 0x03, 0x00, 0x00, 0x0C, 0x00, 0x06, 0x00, 0x05, 0x00, 0x00, 0x00, 0x23, 0x03, 0x00, 0x00,
	0xCB, 0x00, 0x00, 0x00, 0x1F, 0x00, 0x00, 0x00, 0x1F, 0x03, 0x00, 0x00, 0x85, 0x00, 0x05, 0x00,
	0x05, 0x00, 0x00, 0x00, 0x24, 0x03, 0x00, 0x00, 0x0D, 0x03, 0x00, 0x00, 0xD4, 0x00, 0x00, 0x00,
	0x81, 0x00, 0x05, 0x00, 0x05, 0x00, 0x00, 0x00, 0x25, 0x03, 0x00, 0x00, 0x24, 0x03, 0x00, 0x00,
	0x23, 0x03, 0x00, 0x00, 0x85, 0x00, 0x05, 0x00, 0x05, 0x00, 0x00, 0x00, 0x26, 0x03, 0x00, 0x00,
	0xD4, 0x00, 0x00, 0x00, 0x0A, 0x03, 0x00, 0x00, 0x88, 0x00, 0x05, 0x00, 0x05, 0x00, 0x00, 0x00,
	0x27, 0x03, 0x00, 0x00, 0x25, 0x03, 0x00, 0x00, 0x26, 0x03, 0x00, 0x00, 0x83, 0x00, 0x05, 0x00,
	0x05, 0x00, 0x00, 0x00, 0x28, 0x03, 0x00, 0x00, 0x24, 0x03, 0x00, 0x00, 0x23, 0x03, 0x00, 0x00,
	0x88, 0x00, 0x05, 0x00, 0x05, 0x00, 0x00, 0x00, 0x29, 0x03, 0x00, 0x00, 0x28, 0x03, 0x00, 0x00,
	0x26, 0x03, 0x00, 0x00, 0x85, 0x00, 0x05, 0x00, 0x05, 0x00, 0x00, 0x00, 0x2A, 0x03, 0x00, 0x00,
	0x27, 0x03, 0x00, 0x00, 0x05, 0x03, 0x00, 0x00, 0x81, 0x00, 0x05, 0x00, 0x05, 0x00, 0x00, 0x00,
	0x2B, 0x03, 0x00, 0x00, 0x01, 0x03, 0x00, 0x00, 0x2A, 0x03, 0x00, 0x00, 0xBE, 0x00, 0x05, 0x00,
	0x92, 0x00, 0x00, 0x00, 0x2C, 0x03, 0x00, 0x00, 0x2B, 0x03, 0x00, 0x00, 0x97, 0x00, 0x00, 0x00,
	0xF7, 0x00, 0x03, 0x00, 0x2F, 0x03, 0x00, 0x00, 0x00, 0x00, 0x00, 0x00, 0xFA, 0x00, 0x04, 0x00,
	0x2C, 0x03, 0x00, 0x00, 0x2E, 0x03, 0x00, 0x00, 0x2D, 0x03, 0x00, 0x00, 0xF8, 0x00, 0x02, 0x00,
	0x2D, 0x03, 0x00, 0x00, 0x3E, 0x00, 0x03, 0x00, 0xED, 0x02, 0x00, 0x00, 0x29, 0x03, 0x00, 0x00,
	0xF9, 0x00, 0x02, 0x00, 0x2F, 0x03, 0x00, 0x00, 0xF8, 0x00, 0x02, 0x00, 0x2E, 0x03, 0x00, 0x00,
	0x3E, 0x00, 0x03, 0x00, 0xED, 0x02, 0x00, 0x00, 0x27, 0x03, 0x00, 0x00, 0xF9, 0x00, 0x02, 0x00,
	0x2F, 0x03, 0x00, 0x00, 0xF8, 0x00, 0x02, 0x00, 0x2F, 0x03, 0x00, 0x00, 0xF9, 0x00, 0x02, 0x00,
	0x30, 0x03, 0x00, 0x00, 0xF8, 0x00, 0x02, 0x00, 0x30, 0x03, 0x00, 0x00, 0x3D, 0x00, 0x04, 0x00,
	0x05, 0x00, 0x00, 0x00, 0x31, 0x03, 0x00, 0x00, 0xED, 0x02, 0x00, 0x00, 0xF7, 0x00, 0x03, 0x00,
	0x61, 0x03, 0x00, 0x00, 0x00, 0x00, 0x00, 0x00, 0xFB, 0x00, 0x03, 0x00, 0xF2, 0x01, 0x00, 0x00,
	0x4C, 0x03, 0x00, 0x00, 0xF8, 0x00, 0x02, 0x00, 0x4C, 0x03, 0x00, 0x00, 0xAA, 0x00, 0x05, 0x00,
	0x92, 0x00, 0x00, 0x00, 0x4D, 0x03, 0x00, 0x00, 0x16, 0x02, 0x00, 0x00, 0xC8, 0x00, 0x00, 0x00,
	0xF7, 0x00, 0x03, 0x00, 0x5F, 0x03, 0x00, 0x00, 0x00, 0x00, 0x00, 0x00, 0xFA, 0x00, 0x04, 0x00,
	0x4D, 0x03, 0x00, 0x00, 0x5C, 0x03, 0x00, 0x00, 0x4E, 0x03, 0x00, 0x00, 0xF8, 0x00, 0x02, 0x00,
	0x4E, 0x03, 0x00, 0x00, 0xAA, 0x00, 0x05, 0x00, 0x92, 0x00, 0x00, 0x00, 0x4F, 0x03, 0x00, 0x00,
	0x16, 0x02, 0x00, 0x00, 0x14, 0x00, 0x00, 0x00, 0xF7, 0x00, 0x03, 0x00, 0x5B, 0x03, 0x00, 0x00,
	0x00, 0x00, 0x00, 0x00, 0xFA, 0x00, 0x04, 0x00, 0x4F, 0x03, 0x00, 0x00, 0x50, 0x03, 0x00, 0x00,
	0x5B, 0x03, 0x00, 0x00, 0xF8, 0x00, 0x02, 0x00, 0x50, 0x03, 0x00, 0x00, 0x85, 0x00, 0x05, 0x00,
	0x05, 0x00, 0x00, 0x00, 0x51, 0x03, 0x00, 0x00, 0x31, 0x03, 0x00, 0x00, 0xD1, 0x00, 0x00, 0x00,
	0x0C, 0x00, 0x06, 0x00, 0x05, 0x00, 0x00, 0x00, 0x52, 0x03, 0x00, 0x00, 0xCB, 0x00, 0x00, 0x00,
	0x08, 0x00, 0x00, 0x00, 0x51, 0x03, 0x00, 0x00, 0x85, 0x00, 0x05, 0x00, 0x05, 0x00, 0x00, 0x00,
	0x53, 0x03, 0x00, 0x00, 0xD4, 0x00, 0x00, 0x00, 0x52, 0x03, 0x00, 0x00, 0x83, 0x00, 0x05, 0x00,
	0x05, 0x00, 0x00, 0x00, 0x54, 0x03, 0x00, 0x00, 0x31, 0x03, 0x00, 0x00, 0x53, 0x03, 0x00, 0x00,
	0xBA, 0x00, 0x05, 0x00, 0x92, 0x00, 0x00, 0x00, 0x55, 0x03, 0x00, 0x00, 0x54, 0x03, 0x00, 0x00,
	0xD7, 0x00, 0x00, 0x00, 0xF7, 0x00, 0x03, 0x00, 0x59, 0x03, 0x00, 0x00, 0x00, 0x00, 0x00, 0x00,
	0xFA, 0x00, 0x04, 0x00, 0x55, 0x03, 0x00, 0x00, 0x57, 0x03, 0x00, 0x00, 0x56, 0x03, 0x00, 0x00,
	0xF8, 0x00, 0x02, 0x00, 0x56, 0x03, 0x00, 0x00, 0x3E, 0x00, 0x03, 0x00, 0x49, 0x03, 0x00, 0x00,
	0x54, 0x03, 0x00, 0x00, 0xF9, 0x00, 0x02, 0x00, 0x59, 0x03, 0x00, 0x00, 0xF8, 0x00, 0x02, 0x00,
	0x57, 0x03, 0x00, 0x00, 0x83, 0x00, 0x05, 0x00, 0x05, 0x00, 0x00, 0x00, 0x58, 0x03, 0x00, 0x00,
	0xD4, 0x00, 0x00, 0x00, 0x54, 0x03, 0x00, 0x00, 0x3E, 0x00, 0x03, 0x00, 0x49, 0x03, 0x00, 0x00,
	0x58, 0x03, 0x00, 0x00, 0xF9, 0x00, 0x02, 0x00, 0x59, 0x03, 0x00, 0x00, 0xF8, 0x00, 0x02, 0x00,
	0x59, 0x03, 0x00, 0x00, 0x3D, 0x00, 0x04, 0x00, 0x05, 0x00, 0x00, 0x00, 0x5A, 0x03, 0x00, 0x00,
	0x49, 0x03, 0x00, 0x00, 0x3E, 0x00, 0x03, 0x00, 0x48, 0x03, 0x00, 0x00, 0x5A, 0x03, 0x00, 0x00,
	0xF9, 0x00, 0x02, 0x00, 0x61, 0x03, 0x00, 0x00, 0xF8, 0x00, 0x02, 0x00, 0x5B, 0x03, 0x00, 0x00,
	0xF9, 0x00, 0x02, 0x00, 0x5F, 0x03, 0x00, 0x00, 0xF8, 0x00, 0x02, 0x00, 0x5C, 0x03, 0x00, 0x00,
	0x0C, 0x00, 0x06, 0x00, 0x05, 0x00, 0x00, 0x00, 0x5D, 0x03, 0x00, 0x00, 0xCB, 0x00, 0x00, 0x00,
	0x08, 0x00, 0x00, 0x00, 0x31, 0x03, 0x00, 0x00, 0x83, 0x00, 0x05, 0x00, 0x05, 0x00, 0x00, 0x00,
	0x5E, 0x03, 0x00, 0x00, 0x31, 0x03, 0x00, 0x00, 0x5D, 0x03, 0x00, 0x00, 0x3E, 0x00, 0x03, 0x00,
	0x48, 0x03, 0x00, 0x00, 0x5E, 0x03, 0x00, 0x00, 0xF9, 0x00, 0x02, 0x00, 0x61, 0x03, 0x00, 0x00,
	0xF8, 0x00, 0x02, 0x00, 0x5F, 0x03, 0x00, 0x00, 0x0C, 0x00, 0x08, 0x00, 0x05, 0x00, 0x00, 0x00,
	0x60, 0x03, 0x00, 0x00, 0xCB, 0x00, 0x00, 0x00, 0x2B, 0x00, 0x00, 0x00, 0x31, 0x03, 0x00, 0x00,
	0x97, 0x00, 0x00, 0x00, 0xD7, 0x00, 0x00, 0x00, 0x3E, 0x00, 0x03, 0x00, 0x48, 0x03, 0x00, 0x00,
	0x60, 0x03, 0x00, 0x00, 0xF9, 0x00, 0x02, 0x00, 0x61, 0x03, 0x00, 0x00, 0xF8, 0x00, 0x02, 0x00,
	0x61, 0x03, 0x00, 0x00, 0x3D, 0x00, 0x04, 0x00, 0x05, 0x00, 0x00, 0x00, 0x62, 0x03, 0x00, 0x00,
	0x48, 0x03, 0x00, 0x00, 0x3E, 0x00, 0x03, 0x00, 0x63, 0x03, 0x00, 0x00, 0xF3, 0x01, 0x00, 0x00,
	0xF7, 0x00, 0x03, 0x00, 0x9E, 0x03, 0x00, 0x00, 0x00, 0x00, 0x00, 0x00, 0xFB, 0x00, 0x03, 0x00,
	0xF2, 0x01, 0x00, 0x00, 0x6C, 0x03, 0x00, 0x00, 0xF8, 0x00, 0x02, 0x00, 0x6C, 0x03, 0x00, 0x00,
	0x41, 0x00, 0x05, 0x00, 0x09, 0x01, 0x00, 0x00, 0xA2, 0x03, 0x00, 0x00, 0x46, 0x00, 0x00, 0x00,
	0xC8, 0x00, 0x00, 0x00, 0x41, 0x00, 0x05, 0x00, 0x0B, 0x01, 0x00, 0x00, 0xA3, 0x03, 0x00, 0x00,
	0xA2, 0x03, 0x00, 0x00, 0x86, 0x00, 0x00, 0x00, 0x41, 0x00, 0x05, 0x00, 0x0D, 0x01, 0x00, 0x00,
	0xA4, 0x03, 0x00, 0x00, 0xA3, 0x03, 0x00, 0x00, 0x86, 0x00, 0x00, 0x00, 0x3D, 0x00, 0x04, 0x00,
	0x05, 0x00, 0x00, 0x00, 0xA5, 0x03, 0x00, 0x00, 0xA4, 0x03, 0x00, 0x00, 0x3E, 0x00, 0x03, 0x00,
	0x65, 0x03, 0x00, 0x00, 0xA5, 0x03, 0x00, 0x00, 0x41, 0x00, 0x05, 0x00, 0x11, 0x01, 0x00, 0x00,
	0xA6, 0x03, 0x00, 0x00, 0x46, 0x00, 0x00, 0x00, 0x86, 0x00, 0x00, 0x00, 0x41, 0x00, 0x05, 0x00,
	0x13, 0x01, 0x00, 0x00, 0xA7, 0x03, 0x00, 0x00, 0xA6, 0x03, 0x00, 0x00, 0x86, 0x00, 0x00, 0x00,
	0x41, 0x00, 0x05, 0x00, 0x89, 0x00, 0x00, 0x00, 0xA8, 0x03, 0x00, 0x00, 0xA7, 0x03, 0x00, 0x00,
	0x86, 0x00, 0x00, 0x00, 0x3D, 0x00, 0x04, 0x00, 0x06, 0x00, 0x00, 0x00, 0xA9, 0x03, 0x00, 0x00,
	0xA8, 0x03, 0x00, 0x00, 0xBC, 0x00, 0x05, 0x00, 0x92, 0x00, 0x00, 0x00, 0x6F, 0x03, 0x00, 0x00,
	0x62, 0x03, 0x00, 0x00, 0xA5, 0x03, 0x00, 0x00, 0xF7, 0x00, 0x03, 0x00, 0x71, 0x03, 0x00, 0x00,
	0x00, 0x00, 0x00, 0x00, 0xFA, 0x00, 0x04, 0x00, 0x6F, 0x03, 0x00, 0x00, 0x70, 0x03, 0x00, 0x00,
	0x71, 0x03, 0x00, 0x00, 0xF8, 0x00, 0x02, 0x00, 0x70, 0x03, 0x00, 0x00, 0x3E, 0x00, 0x03, 0x00,
	0x63, 0x03, 0x00, 0x00, 0xF6, 0x01, 0x00, 0x00, 0x3E, 0x00, 0x03, 0x00, 0x64, 0x03, 0x00, 0x00,
	0xA9, 0x03, 0x00, 0x00, 0xF9, 0x00, 0x02, 0x00, 0x9E, 0x03, 0x00, 0x00, 0xF8, 0x00, 0x02, 0x00,
	0x71, 0x03, 0x00, 0x00, 0x3E, 0x00, 0x03, 0x00, 0x66, 0x03, 0x00, 0x00, 0xA9, 0x03, 0x00, 0x00,
	0x3E, 0x00, 0x03, 0x00, 0x67, 0x03, 0x00, 0x00, 0xC8, 0x00, 0x00, 0x00, 0xF9, 0x00, 0x02, 0x00,
	0x72, 0x03, 0x00, 0x00, 0xF8, 0x00, 0x02, 0x00, 0x72, 0x03, 0x00, 0x00, 0xF6, 0x00, 0x04, 0x00,
	0x9A, 0x03, 0x00, 0x00, 0x99, 0x03, 0x00, 0x00, 0x00, 0x00, 0x00, 0x00, 0xF9, 0x00, 0x02, 0x00,
	0x73, 0x03, 0x00, 0x00, 0xF8, 0x00, 0x02, 0x00, 0x73, 0x03, 0x00, 0x00, 0xF9, 0x00, 0x02, 0x00,
	0x74, 0x03, 0x00, 0x00, 0xF8, 0x00, 0x02, 0x00, 0x74, 0x03, 0x00, 0x00, 0xF9, 0x00, 0x02, 0x00,
	0x75, 0x03, 0x00, 0x00, 0xF8, 0x00, 0x02, 0x00, 0x75, 0x03, 0x00, 0x00, 0x3D, 0x00, 0x04, 0x00,
	0x0A, 0x00, 0x00, 0x00, 0x76, 0x03, 0x00, 0x00, 0x67, 0x03, 0x00, 0x00, 0xB1, 0x00, 0x05, 0x00,
	0x92, 0x00, 0x00, 0x00, 0x77, 0x03, 0x00, 0x00, 0x76, 0x03, 0x00, 0x00, 0x19, 0x02, 0x00, 0x00,
	0xF7, 0x00, 0x03, 0x00, 0x79, 0x03, 0x00, 0x00, 0x00, 0x00, 0x00, 0x00, 0xFA, 0x00, 0x04, 0x00,
	0x77, 0x03, 0x00, 0x00, 0x79, 0x03, 0x00, 0x00, 0x78, 0x03, 0x00, 0x00, 0xF8, 0x00, 0x02, 0x00,
	0x78, 0x03, 0x00, 0x00, 0xF9, 0x00, 0x02, 0x00, 0x9A, 0x03, 0x00, 0x00, 0xF8, 0x00, 0x02, 0x00,
	0x79, 0x03, 0x00, 0x00, 0x3D, 0x00, 0x04, 0x00, 0x0A, 0x00, 0x00, 0x00, 0x7A, 0x03, 0x00, 0x00,
	0x67, 0x03, 0x00, 0x00, 0x41, 0x00, 0x05, 0x00, 0x09, 0x01, 0x00, 0x00, 0xAC, 0x03, 0x00, 0x00,
	0x46, 0x00, 0x00, 0x00, 0xC8, 0x00, 0x00, 0x00, 0x41, 0x00, 0x05, 0x00, 0x0B, 0x01, 0x00, 0x00,
	0xAD, 0x03, 0x00, 0x00, 0xAC, 0x03, 0x00, 0x00, 0x86, 0x00, 0x00, 0x00, 0x41, 0x00, 0x05, 0x00,
	0x0D, 0x01, 0x00, 0x00, 0xAE, 0x03, 0x00, 0x00, 0xAD, 0x03, 0x00, 0x00, 0x7A, 0x03, 0x00, 0x00,
	0x3D, 0x00, 0x04, 0x00, 0x05, 0x00, 0x00, 0x00, 0xAF, 0x03, 0x00, 0x00, 0xAE, 0x03, 0x00, 0x00,
	0x3E, 0x00, 0x03, 0x00, 0x68, 0x03, 0x00, 0x00, 0xAF, 0x03, 0x00, 0x00, 0x41, 0x00, 0x05, 0x00,
	0x11, 0x01, 0x00, 0x00, 0xB0, 0x03, 0x00, 0x00, 0x46, 0x00, 0x00, 0x00, 0x86, 0x00, 0x00, 0x00,
	0x41, 0x00, 0x05, 0x00, 0x13, 0x01, 0x00, 0x00, 0xB1, 0x03, 0x00, 0x00, 0xB0, 0x03, 0x00, 0x00,
	0x86, 0x00, 0x00, 0x00, 0x41, 0x00, 0x05, 0x00, 0x89, 0x00, 0x00, 0x00, 0xB2, 0x03, 0x00, 0x00,
	0xB1, 0x03, 0x00, 0x00, 0x7A, 0x03, 0x00, 0x00, 0x3D, 0x00, 0x04, 0x00, 0x06, 0x00, 0x00, 0x00,
	0xB3, 0x03, 0x00, 0x00, 0xB2, 0x03, 0x00, 0x00, 0xBC, 0x00, 0x05, 0x00, 0x92, 0x00, 0x00, 0x00,
	0x7D, 0x03, 0x00, 0x00, 0x62, 0x03, 0x00, 0x00, 0xAF, 0x03, 0x00, 0x00, 0xF7, 0x00, 0x03, 0x00,
	0x93, 0x03, 0x00, 0x00, 0x00, 0x00, 0x00, 0x00, 0xFA, 0x00, 0x04, 0x00, 0x7D, 0x03, 0x00, 0x00,
	0x7E, 0x03, 0x00, 0x00, 0x93, 0x03, 0x00, 0x00, 0xF8, 0x00, 0x02, 0x00, 0x7E, 0x03, 0x00, 0x00,
	0x3D, 0x00, 0x04, 0x00, 0x05, 0x00, 0x00, 0x00, 0x7F, 0x03, 0x00, 0x00, 0x68, 0x03, 0x00, 0x00,
	0x3D, 0x00, 0x04, 0x00, 0x05, 0x00, 0x00, 0x00, 0x80, 0x03, 0x00, 0x00, 0x65, 0x03, 0x00, 0x00,
	0x83, 0x00, 0x05, 0x00, 0x05, 0x00, 0x00, 0x00, 0x81, 0x03, 0x00, 0x00, 0x7F, 0x03, 0x00, 0x00,
	0x80, 0x03, 0x00, 0x00, 0xBA, 0x00, 0x05, 0x00, 0x92, 0x00, 0x00, 0x00, 0x82, 0x03, 0x00, 0x00,
	0x81, 0x03, 0x00, 0x00, 0x94, 0x00, 0x00, 0x00, 0xF7, 0x00, 0x03, 0x00, 0x88, 0x03, 0x00, 0x00,
	0x00, 0x00, 0x00, 0x00, 0xFA, 0x00, 0x04, 0x00, 0x82, 0x03, 0x00, 0x00, 0x84, 0x03, 0x00, 0x00,
	0x83, 0x03, 0x00, 0x00, 0xF8, 0x00, 0x02, 0x00, 0x83, 0x03, 0x00, 0x00, 0x3E, 0x00, 0x03, 0x00,
	0x69, 0x03, 0x00, 0x00, 0x97, 0x00, 0x00, 0x00, 0xF9, 0x00, 0x02, 0x00, 0x88, 0x03, 0x00, 0x00,
	0xF8, 0x00, 0x02, 0x00, 0x84, 0x03, 0x00, 0x00, 0x3D, 0x00, 0x04, 0x00, 0x05, 0x00, 0x00, 0x00,
	0x85, 0x03, 0x00, 0x00, 0x65, 0x03, 0x00, 0x00, 0x83, 0x00, 0x05, 0x00, 0x05, 0x00, 0x00, 0x00,
	0x86, 0x03, 0x00, 0x00, 0x62, 0x03, 0x00, 0x00, 0x85, 0x03, 0x00, 0x00, 0x88, 0x00, 0x05, 0x00,
	0x05, 0x00, 0x00, 0x00, 0x87, 0x03, 0x00, 0x00, 0x86, 0x03, 0x00, 0x00, 0x81, 0x03, 0x00, 0x00,
	0x3E, 0x00, 0x03, 0x00, 0x69, 0x03, 0x00, 0x00, 0x87, 0x03, 0x00, 0x00, 0xF9, 0x00, 0x02, 0x00,
	0x88, 0x03, 0x00, 0x00, 0xF8, 0x00, 0x02, 0x00, 0x88, 0x03, 0x00, 0x00, 0x3D, 0x00, 0x04, 0x00,
	0x05, 0x00, 0x00, 0x00, 0x89, 0x03, 0x00, 0x00, 0x69, 0x03, 0x00, 0x00, 0x50, 0x00, 0x07, 0x00,
	0x06, 0x00, 0x00, 0x00, 0x8A, 0x03, 0x00, 0x00, 0x89, 0x03, 0x00, 0x00, 0x89, 0x03, 0x00, 0x00,
	0x89, 0x03, 0x00, 0x00, 0x89, 0x03, 0x00, 0x00, 0x3D, 0x00, 0x04, 0x00, 0x06, 0x00, 0x00, 0x00,
	0x8B, 0x03, 0x00, 0x00, 0x66, 0x03, 0x00, 0x00, 0x0C, 0x00, 0x08, 0x00, 0x06, 0x00, 0x00, 0x00,
	0x8C, 0x03, 0x00, 0x00, 0xCB, 0x00, 0x00, 0x00, 0x2E, 0x00, 0x00, 0x00, 0x8B, 0x03, 0x00, 0x00,
	0xB3, 0x03, 0x00, 0x00, 0x8A, 0x03, 0x00, 0x00, 0x51, 0x00, 0x05, 0x00, 0x05, 0x00, 0x00, 0x00,
	0x8D, 0x03, 0x00, 0x00, 0x8C, 0x03, 0x00, 0x00, 0x03, 0x00, 0x00, 0x00, 0xBA, 0x00, 0x05, 0x00,
	0x92, 0x00, 0x00, 0x00, 0x8E, 0x03, 0x00, 0x00, 0x8D, 0x03, 0x00, 0x00, 0x94, 0x00, 0x00, 0x00,
	0xF7, 0x00, 0x03, 0x00, 0x91, 0x03, 0x00, 0x00, 0x00, 0x00, 0x00, 0x00, 0xFA, 0x00, 0x04, 0x00,
	0x8E, 0x03, 0x00, 0x00, 0x90, 0x03, 0x00, 0x00, 0x8F, 0x03, 0x00, 0x00, 0xF8, 0x00, 0x02, 0x00,
	0x8F, 0x03, 0x00, 0x00, 0x3E, 0x00, 0x03, 0x00, 0x66, 0x03, 0x00, 0x00, 0x3B, 0x01, 0x00, 0x00,
	0xF9, 0x00, 0x02, 0x00, 0x91, 0x03, 0x00, 0x00, 0xF8, 0x00, 0x02, 0x00, 0x90, 0x03, 0x00, 0x00,
	0x3E, 0x00, 0x03, 0x00, 0x66, 0x03, 0x00, 0x00, 0x8C, 0x03, 0x00, 0x00, 0xF9, 0x00, 0x02, 0x00,
	0x91, 0x03, 0x00, 0x00, 0xF8, 0x00, 0x02, 0x00, 0x91, 0x03, 0x00, 0x00, 0x3D, 0x00, 0x04, 0x00,
	0x06, 0x00, 0x00, 0x00, 0x92, 0x03, 0x00, 0x00, 0x66, 0x03, 0x00, 0x00, 0x3E, 0x00, 0x03, 0x00,
	0x63, 0x03, 0x00, 0x00, 0xF6, 0x01, 0x00, 0x00, 0x3E, 0x00, 0x03, 0x00, 0x64, 0x03, 0x00, 0x00,
	0x92, 0x03, 0x00, 0x00, 0xF9, 0x00, 0x02, 0x00, 0x9A, 0x03, 0x00, 0x00, 0xF8, 0x00, 0x02, 0x00,
	0x93, 0x03, 0x00, 0x00, 0x3D, 0x00, 0x04, 0x00, 0x05, 0x00, 0x00, 0x00, 0x94, 0x03, 0x00, 0x00,
	0x68, 0x03, 0x00, 0x00, 0x3E, 0x00, 0x03, 0x00, 0x65, 0x03, 0x00, 0x00, 0x94, 0x03, 0x00, 0x00,
	0xF9, 0x00, 0x02, 0x00, 0x95, 0x03, 0x00, 0x00, 0xF8, 0x00, 0x02, 0x00, 0x95, 0x03, 0x00, 0x00,
	0xF9, 0x00, 0x02, 0x00, 0x96, 0x03, 0x00, 0x00, 0xF8, 0x00, 0x02, 0x00, 0x96, 0x03, 0x00, 0x00,
	0x3D, 0x00, 0x04, 0x00, 0x0A, 0x00, 0x00, 0x00, 0x97, 0x03, 0x00, 0x00, 0x67, 0x03, 0x00, 0x00,
	0x80, 0x00, 0x05, 0x00, 0x0A, 0x00, 0x00, 0x00, 0x98, 0x03, 0x00, 0x00, 0x97, 0x03, 0x00, 0x00,
	0xC8, 0x00, 0x00, 0x00, 0x3E, 0x00, 0x03, 0x00, 0x66, 0x03, 0x00, 0x00, 0xB3, 0x03, 0x00, 0x00,
	0x3E, 0x00, 0x03, 0x00, 0x67, 0x03, 0x00, 0x00, 0x98, 0x03, 0x00, 0x00, 0xF9, 0x00, 0x02, 0x00,
	0x99, 0x03, 0x00, 0x00, 0xF8, 0x00, 0x02, 0x00, 0x99, 0x03, 0x00, 0x00, 0xF9, 0x00, 0x02, 0x00,
	0x72, 0x03, 0x00, 0x00, 0xF8, 0x00, 0x02, 0x00, 0x9A, 0x03, 0x00, 0x00, 0x3D, 0x00, 0x04, 0x00,
	0x92, 0x00, 0x00, 0x00, 0x9B, 0x03, 0x00, 0x00, 0x63, 0x03, 0x00, 0x00, 0xF7, 0x00, 0x03, 0x00,
	0x9C, 0x03, 0x00, 0x00, 0x00, 0x00, 0x00, 0x00, 0xFA, 0x00, 0x04, 0x00, 0x9B, 0x03, 0x00, 0x00,
	0x9E, 0x03, 0x00, 0x00, 0x9C, 0x03, 0x00, 0x00, 0xF8, 0x00, 0x02, 0x00, 0x9C, 0x03, 0x00, 0x00,
	0x3D, 0x00, 0x04, 0x00, 0x06, 0x00, 0x00, 0x00, 0x9D, 0x03, 0x00, 0x00, 0x66, 0x03, 0x00, 0x00,
	0x3E, 0x00, 0x03, 0x00, 0x63, 0x03, 0x00, 0x00, 0xF6, 0x01, 0x00, 0x00, 0x3E, 0x00, 0x03, 0x00,
	0x64, 0x03, 0x00, 0x00, 0x9D, 0x03, 0x00, 0x00, 0xF9, 0x00, 0x02, 0x00, 0x9E, 0x03, 0x00, 0x00,
	0xF8, 0x00, 0x02, 0x00, 0x9E, 0x03, 0x00, 0x00, 0x3D, 0x00, 0x04, 0x00, 0x06, 0x00, 0x00, 0x00,
	0x9F, 0x03, 0x00, 0x00, 0x64, 0x03, 0x00, 0x00, 0x3E, 0x00, 0x03, 0x00, 0xEC, 0x02, 0x00, 0x00,
	0x9F, 0x03, 0x00, 0x00, 0xF9, 0x00, 0x02, 0x00, 0x34, 0x03, 0x00, 0x00, 0xF8, 0x00, 0x02, 0x00,
	0x34, 0x03, 0x00, 0x00, 0x3D, 0x00, 0x04, 0x00, 0x06, 0x00, 0x00, 0x00, 0x35, 0x03, 0x00, 0x00,
	0xEC, 0x02, 0x00, 0x00, 0x3E, 0x00, 0x03, 0x00, 0x0D, 0x02, 0x00, 0x00, 0x35, 0x03, 0x00, 0x00,
	0xF9, 0x00, 0x02, 0x00, 0x3D, 0x02, 0x00, 0x00, 0xF8, 0x00, 0x02, 0x00, 0x1E, 0x02, 0x00, 0x00,
	0xF7, 0x00, 0x03, 0x00, 0xCE, 0x03, 0x00, 0x00, 0x00, 0x00, 0x00, 0x00, 0xFB, 0x00, 0x03, 0x00,
	0xF2, 0x01, 0x00, 0x00, 0xB8, 0x03, 0x00, 0x00, 0xF8, 0x00, 0x02, 0x00, 0xB8, 0x03, 0x00, 0x00,
	0x41, 0x00, 0x05, 0x00, 0x84, 0x00, 0x00, 0x00, 0xB9, 0x03, 0x00, 0x00, 0x46, 0x00, 0x00, 0x00,
	0x14, 0x00, 0x00, 0x00, 0x41, 0x00, 0x05, 0x00, 0x87, 0x00, 0x00, 0x00, 0xBA, 0x03, 0x00, 0x00,
	0xB9, 0x03, 0x00, 0x00, 0x86, 0x00, 0x00, 0x00, 0x41, 0x00, 0x05, 0x00, 0x89, 0x00, 0x00, 0x00,
	0xBB, 0x03, 0x00, 0x00, 0xBA, 0x03, 0x00, 0x00, 0x86, 0x00, 0x00, 0x00, 0x3D, 0x00, 0x04, 0x00,
	0x06, 0x00, 0x00, 0x00, 0xBC, 0x03, 0x00, 0x00, 0xBB, 0x03, 0x00, 0x00, 0x4F, 0x00, 0x07, 0x00,
	0x21, 0x00, 0x00, 0x00, 0xBD, 0x03, 0x00, 0x00, 0xBC, 0x03, 0x00, 0x00, 0xBC, 0x03, 0x00, 0x00,
	0x00, 0x00, 0x00, 0x00, 0x01, 0x00, 0x00, 0x00, 0x88, 0x00, 0x05, 0x00, 0x21, 0x00, 0x00, 0x00,
	0xBE, 0x03, 0x00, 0x00, 0xBD, 0x03, 0x00, 0x00, 0x13, 0x02, 0x00, 0x00, 0x4F, 0x00, 0x07, 0x00,
	0x21, 0x00, 0x00, 0x00, 0xBF, 0x03, 0x00, 0x00, 0xBC, 0x03, 0x00, 0x00, 0xBC, 0x03, 0x00, 0x00,
	0x02, 0x00, 0x00, 0x00, 0x03, 0x00, 0x00, 0x00, 0x88, 0x00, 0x05, 0x00, 0x21, 0x00, 0x00, 0x00,
	0xC0, 0x03, 0x00, 0x00, 0xBF, 0x03, 0x00, 0x00, 0x13, 0x02, 0x00, 0x00, 0x83, 0x00, 0x05, 0x00,
	0x21, 0x00, 0x00, 0x00, 0xC1, 0x03, 0x00, 0x00, 0xC0, 0x03, 0x00, 0x00, 0xBE, 0x03, 0x00, 0x00,
	0x94, 0x00, 0x05, 0x00, 0x05, 0x00, 0x00, 0x00, 0xC2, 0x03, 0x00, 0x00, 0xC1, 0x03, 0x00, 0x00,
	0xC1, 0x03, 0x00, 0x00, 0xB8, 0x00, 0x05, 0x00, 0x92, 0x00, 0x00, 0x00, 0xC3, 0x03, 0x00, 0x00,
	0xC2, 0x03, 0x00, 0x00, 0x94, 0x00, 0x00, 0x00, 0xF7, 0x00, 0x03, 0x00, 0xC5, 0x03, 0x00, 0x00,
	0x00, 0x00, 0x00, 0x00, 0xFA, 0x00, 0x04, 0x00, 0xC3, 0x03, 0x00, 0x00, 0xC4, 0x03, 0x00, 0x00,
	0xC5, 0x03, 0x00, 0x00, 0xF8, 0x00, 0x02, 0x00, 0xC4, 0x03, 0x00, 0x00, 0x3E, 0x00, 0x03, 0x00,
	0xB5, 0x03, 0x00, 0x00, 0x96, 0x00, 0x00, 0x00, 0xF9, 0x00, 0x02, 0x00, 0xCE, 0x03, 0x00, 0x00,
	0xF8, 0x00, 0x02, 0x00, 0xC5, 0x03, 0x00, 0x00, 0x41, 0x00, 0x05, 0x00, 0x9A, 0x00, 0x00, 0x00,
	0xC6, 0x03, 0x00, 0x00, 0x46, 0x00, 0x00, 0x00, 0x99, 0x00, 0x00, 0x00, 0x3D, 0x00, 0x04, 0x00,
	0x43, 0x00, 0x00, 0x00, 0xC7, 0x03, 0x00, 0x00, 0xC6, 0x03, 0x00, 0x00, 0x83, 0x00, 0x05, 0x00,
	0x21, 0x00, 0x00, 0x00, 0xC8, 0x03, 0x00, 0x00, 0x14, 0x02, 0x00, 0x00, 0xBE, 0x03, 0x00, 0x00,
	0x6F, 0x00, 0x04, 0x00, 0x06, 0x00, 0x00, 0x00, 0xD2, 0x03, 0x00, 0x00, 0xC7, 0x03, 0x00, 0x00,
	0x8E, 0x00, 0x05, 0x00, 0x06, 0x00, 0x00, 0x00, 0xD3, 0x03, 0x00, 0x00, 0xD2, 0x03, 0x00, 0x00,
	0xA6, 0x00, 0x00, 0x00, 0x51, 0x00, 0x05, 0x00, 0x05, 0x00, 0x00, 0x00, 0xD4, 0x03, 0x00, 0x00,
	0xD3, 0x03, 0x00, 0x00, 0x00, 0x00, 0x00, 0x00, 0x51, 0x00, 0x05, 0x00, 0x05, 0x00, 0x00, 0x00,
	0xD5, 0x03, 0x00, 0x00, 0xC8, 0x03, 0x00, 0x00, 0x00, 0x00, 0x00, 0x00, 0x85, 0x00, 0x05, 0x00,
	0x05, 0x00, 0x00, 0x00, 0xD6, 0x03, 0x00, 0x00, 0xD4, 0x03, 0x00, 0x00, 0xD5, 0x03, 0x00, 0x00,
	0x51, 0x00, 0x05, 0x00, 0x05, 0x00, 0x00, 0x00, 0xD7, 0x03, 0x00, 0x00, 0xD3, 0x03, 0x00, 0x00,
	0x01, 0x00, 0x00, 0x00, 0x51, 0x00, 0x05, 0x00, 0x05, 0x00, 0x00, 0x00, 0xD8, 0x03, 0x00, 0x00,
	0xC8, 0x03, 0x00, 0x00, 0x01, 0x00, 0x00, 0x00, 0x85, 0x00, 0x05, 0x00, 0x05, 0x00, 0x00, 0x00,
	0xD9, 0x03, 0x00, 0x00, 0xD7, 0x03, 0x00, 0x00, 0xD8, 0x03, 0x00, 0x00, 0x81, 0x00, 0x05, 0x00,
	0x05, 0x00, 0x00, 0x00, 0xDA, 0x03, 0x00, 0x00, 0xD6, 0x03, 0x00, 0x00, 0xD9, 0x03, 0x00, 0x00,
	0x51, 0x00, 0x05, 0x00, 0x05, 0x00, 0x00, 0x00, 0xDB, 0x03, 0x00, 0x00, 0xD3, 0x03, 0x00, 0x00,
	0x02, 0x00, 0x00, 0x00, 0x85, 0x00, 0x05, 0x00, 0x05, 0x00, 0x00, 0x00, 0xDC, 0x03, 0x00, 0x00,
	0xDB, 0x03, 0x00, 0x00, 0xD5, 0x03, 0x00, 0x00, 0x51, 0x00, 0x05, 0x00, 0x05, 0x00, 0x00, 0x00,
	0xDD, 0x03, 0x00, 0x00, 0xD3, 0x03, 0x00, 0x00, 0x03, 0x00, 0x00, 0x00, 0x85, 0x00, 0x05, 0x00,
	0x05, 0x00, 0x00, 0x00, 0xDE, 0x03, 0x00, 0x00, 0xDD, 0x03, 0x00, 0x00, 0xD8, 0x03, 0x00, 0x00,
	0x81, 0x00, 0x05, 0x00, 0x05, 0x00, 0x00, 0x00, 0xDF, 0x03, 0x00, 0x00, 0xDC, 0x03, 0x00, 0x00,
	0xDE, 0x03, 0x00, 0x00, 0x50, 0x00, 0x05, 0x00, 0x21, 0x00, 0x00, 0x00, 0xE0, 0x03, 0x00, 0x00,
	0xDA, 0x03, 0x00, 0x00, 0xDF, 0x03, 0x00, 0x00, 0x94, 0x00, 0x05, 0x00, 0x05, 0x00, 0x00, 0x00,
	0xCA, 0x03, 0x00, 0x00, 0xE0, 0x03, 0x00, 0x00, 0xC1, 0x03, 0x00, 0x00, 0x88, 0x00, 0x05, 0x00,
	0x05, 0x00, 0x00, 0x00, 0xCB, 0x03, 0x00, 0x00, 0xCA, 0x03, 0x00, 0x00, 0xC2, 0x03, 0x00, 0x00,
	0xF7, 0x00, 0x03, 0x00, 0xFB, 0x03, 0x00, 0x00, 0x00, 0x00, 0x00, 0x00, 0xFB, 0x00, 0x03, 0x00,
	0xF2, 0x01, 0x00, 0x00, 0xE6, 0x03, 0x00, 0x00, 0xF8, 0x00, 0x02, 0x00, 0xE6, 0x03, 0x00, 0x00,
	0xAA, 0x00, 0x05, 0x00, 0x92, 0x00, 0x00, 0x00, 0xE7, 0x03, 0x00, 0x00, 0x16, 0x02, 0x00, 0x00,
	0xC8, 0x00, 0x00, 0x00, 0xF7, 0x00, 0x03, 0x00, 0xF9, 0x03, 0x00, 0x00, 0x00, 0x00, 0x00, 0x00,
	0xFA, 0x00, 0x04, 0x00, 0xE7, 0x03, 0x00, 0x00, 0xF6, 0x03, 0x00, 0x00, 0xE8, 0x03, 0x00, 0x00,
	0xF8, 0x00, 0x02, 0x00, 0xE8, 0x03, 0x00, 0x00, 0xAA, 0x00, 0x05, 0x00, 0x92, 0x00, 0x00, 0x00,
	0xE9, 0x03, 0x00, 0x00, 0x16, 0x02, 0x00, 0x00, 0x14, 0x00, 0x00, 0x00, 0xF7, 0x00, 0x03, 0x00,
	0xF5, 0x03, 0x00, 0x00, 0x00, 0x00, 0x00, 0x00, 0xFA, 0x00, 0x04, 0x00, 0xE9, 0x03, 0x00, 0x00,
	0xEA, 0x03, 0x00, 0x00, 0xF5, 0x03, 0x00, 0x00, 0xF8, 0x00, 0x02, 0x00, 0xEA, 0x03, 0x00, 0x00,
	0x85, 0x00, 0x05, 0x00, 0x05, 0x00, 0x00, 0x00, 0xEB, 0x03, 0x00, 0x00, 0xCB, 0x03, 0x00, 0x00,
	0xD1, 0x00, 0x00, 0x00, 0x0C, 0x00, 0x06, 0x00, 0x05, 0x00, 0x00, 0x00, 0xEC, 0x03, 0x00, 0x00,
	0xCB, 0x00, 0x00, 0x00, 0x08, 0x00, 0x00, 0x00, 0xEB, 0x03, 0x00, 0x00, 0x85, 0x00, 0x05, 0x00,
	0x05, 0x00, 0x00, 0x00, 0xED, 0x03, 0x00, 0x00, 0xD4, 0x00, 0x00, 0x00, 0xEC, 0x03, 0x00, 0x00,
	0x83, 0x00, 0x05, 0x00, 0x05, 0x00, 0x00, 0x00, 0xEE, 0x03, 0x00, 0x00, 0xCB, 0x03, 0x00, 0x00,
	0xED, 0x03, 0x00, 0x00, 0xBA, 0x00, 0x05, 0x00, 0x92, 0x00, 0x00, 0x00, 0xEF, 0x03, 0x00, 0x00,
	0xEE, 0x03, 0x00, 0x00, 0xD7, 0x00, 0x00, 0x00, 0xF7, 0x00, 0x03, 0x00, 0xF3, 0x03, 0x00, 0x00,
	0x00, 0x00, 0x00, 0x00, 0xFA, 0x00, 0x04, 0x00, 0xEF, 0x03, 0x00, 0x00, 0xF1, 0x03, 0x00, 0x00,
	0xF0, 0x03, 0x00, 0x00, 0xF8, 0x00, 0x02, 0x00, 0xF0, 0x03, 0x00, 0x00, 0x3E, 0x00, 0x03, 0x00,
	0xE3, 0x03, 0x00, 0x00, 0xEE, 0x03, 0x00, 0x00, 0xF9, 0x00, 0x02, 0x00, 0xF3, 0x03, 0x00, 0x00,
	0xF8, 0x00, 0x02, 0x00, 0xF1, 0x03, 0x00, 0x00, 0x83, 0x00, 0x05, 0x00, 0x05, 0x00, 0x00, 0x00,
	0xF2, 0x03, 0x00, 0x00, 0xD4, 0x00, 0x00, 0x00, 0xEE, 0x03, 0x00, 0x00, 0x3E, 0x00, 0x03, 0x00,
	0xE3, 0x03, 0x00, 0x00, 0xF2, 0x03, 0x00, 0x00, 0xF9, 0x00, 0x02, 0x00, 0xF3, 0x03, 0x00, 0x00,
	0xF8, 0x00, 0x02, 0x00, 0xF3, 0x03, 0x00, 0x00, 0x3D, 0x00, 0x04, 0x00, 0x05, 0x00, 0x00, 0x00,
	0xF4, 0x03, 0x00, 0x00, 0xE3, 0x03, 0x00, 0x00, 0x3E, 0x00, 0x03, 0x00, 0xE2, 0x03, 0x00, 0x00,
	0xF4, 0x03, 0x00, 0x00, 0xF9, 0x00, 0x02, 0x00, 0xFB, 0x03, 0x00, 0x00, 0xF8, 0x00, 0x02, 0x00,
	0xF5, 0x03, 0x00, 0x00, 0xF9, 0x00, 0x02, 0x00, 0xF9, 0x03, 0x00, 0x00, 0xF8, 0x00, 0x02, 0x00,
	0xF6, 0x03, 0x00, 0x00, 0x0C, 0x00, 0x06, 0x00, 0x05, 0x00, 0x00, 0x00, 0xF7, 0x03, 0x00, 0x00,
	0xCB, 0x00, 0x00, 0x00, 0x08, 0x00, 0x00, 0x00, 0xCB, 0x03, 0x00, 0x00, 0x83, 0x00, 0x05, 0x00,
	0x05, 0x00, 0x00, 0x00, 0xF8, 0x03, 0x00, 0x00, 0xCB, 0x03, 0x00, 0x00, 0xF7, 0x03, 0x00, 0x00,
	0x3E, 0x00, 0x03, 0x00, 0xE2, 0x03, 0x00, 0x00, 0xF8, 0x03, 0x00, 0x00, 0xF9, 0x00, 0x02, 0x00,
	0xFB, 0x03, 0x00, 0x00, 0xF8, 0x00, 0x02, 0x00, 0xF9, 0x03, 0x00, 0x00, 0x0C, 0x00, 0x08, 0x00,
	0x05, 0x00, 0x00, 0x00, 0xFA, 0x03, 0x00, 0x00, 0xCB, 0x00, 0x00, 0x00, 0x2B, 0x00, 0x00, 0x00,
	0xCB, 0x03, 0x00, 0x00, 0x97, 0x00, 0x00, 0x00, 0xD7, 0x00, 0x00, 0x00, 0x3E, 0x00, 0x03, 0x00,
	0xE2, 0x03, 0x00, 0x00, 0xFA, 0x03, 0x00, 0x00, 0xF9, 0x00, 0x02, 0x00, 0xFB, 0x03, 0x00, 0x00,
	0xF8, 0x00, 0x02, 0x00, 0xFB, 0x03, 0x00, 0x00, 0x3D, 0x00, 0x04, 0x00, 0x05, 0x00, 0x00, 0x00,
	0xFC, 0x03, 0x00, 0x00, 0xE2, 0x03, 0x00, 0x00, 0x3E, 0x00, 0x03, 0x00, 0xFD, 0x03, 0x00, 0x00,
	0xF3, 0x01, 0x00, 0x00, 0xF7, 0x00, 0x03, 0x00, 0x38, 0x04, 0x00, 0x00, 0x00, 0x00, 0x00, 0x00,
	0xFB, 0x00, 0x03, 0x00, 0xF2, 0x01, 0x00, 0x00, 0x06, 0x04, 0x00, 0x00, 0xF8, 0x00, 0x02, 0x00,
	0x06, 0x04, 0x00, 0x00, 0x41, 0x00, 0x05, 0x00, 0x09, 0x01, 0x00, 0x00, 0x3C, 0x04, 0x00, 0x00,
	0x46, 0x00, 0x00, 0x00, 0xC8, 0x00, 0x00, 0x00, 0x41, 0x00, 0x05, 0x00, 0x0B, 0x01, 0x00, 0x00,
	0x3D, 0x04, 0x00, 0x00, 0x3C, 0x04, 0x00, 0x00, 0x86, 0x00, 0x00, 0x00, 0x41, 0x00, 0x05, 0x00,
	0x0D, 0x01, 0x00, 0x00, 0x3E, 0x04, 0x00, 0x00, 0x3D, 0x04, 0x00, 0x00, 0x86, 0x00, 0x00, 0x00,
	0x3D, 0x00, 0x04, 0x00, 0x05, 0x00, 0x00, 0x00, 0x3F, 0x04, 0x00, 0x00, 0x3E, 0x04, 0x00, 0x00,
	0x3E, 0x00, 0x03, 0x00, 0xFF, 0x03, 0x00, 0x00, 0x3F, 0x04, 0x00, 0x00, 0x41, 0x00, 0x05, 0x00,
	0x11, 0x01, 0x00, 0x00, 0x40, 0x04, 0x00, 0x00, 0x46, 0x00, 0x00, 0x00, 0x86, 0x00, 0x00, 0x00,
	0x41, 0x00, 0x05, 0x00, 0x13, 0x01, 0x00, 0x00, 0x41, 0x04, 0x00, 0x00, 0x40, 0x04, 0x00, 0x00,
	0x86, 0x00, 0x00, 0x00, 0x41, 0x00, 0x05, 0x00, 0x89, 0x00, 0x00, 0x00, 0x42, 0x04, 0x00, 0x00,
	0x41, 0x04, 0x00, 0x00, 0x86, 0x00, 0x00, 0x00, 0x3D, 0x00, 0x04, 0x00, 0x06, 0x00, 0x00, 0x00,
	0x43, 0x04, 0x00, 0x00, 0x42, 0x04, 0x00, 0x00, 0xBC, 0x00, 0x05, 0x00, 0x92, 0x00, 0x00, 0x00,
	0x09, 0x04, 0x00, 0x00, 0xFC, 0x03, 0x00, 0x00, 0x3F, 0x04, 0x00, 0x00, 0xF7, 0x00, 0x03, 0x00,
	0x0B, 0x04, 0x00, 0x00, 0x00, 0x00, 0x00, 0x00, 0xFA, 0x00, 0x04, 0x00, 0x09, 0x04, 0x00, 0x00,
	0x0A, 0x04, 0x00, 0x00, 0x0B, 0x04, 0x00, 0x00, 0xF8, 0x00, 0x02, 0x00, 0x0A, 0x04, 0x00, 0x00,
	0x3E, 0x00, 0x03, 0x00, 0xFD, 0x03, 0x00, 0x00, 0xF6, 0x01, 0x00, 0x00, 0x3E, 0x00, 0x03, 0x00,
	0xFE, 0x03, 0x00, 0x00, 0x43, 0x04, 0x00, 0x00, 0xF9, 0x00, 0x02, 0x00, 0x38, 0x04, 0x00, 0x00,
	0xF8, 0x00, 0x02, 0x00, 0x0B, 0x04, 0x00, 0x00, 0x3E, 0x00, 0x03, 0x00, 0x00, 0x04, 0x00, 0x00,
	0x43, 0x04, 0x00, 0x00, 0x3E, 0x00, 0x03, 0x00, 0x01, 0x04, 0x00, 0x00, 0xC8, 0x00, 0x00, 0x00,
	0xF9, 0x00, 0x02, 0x00, 0x0C, 0x04, 0x00, 0x00, 0xF8, 0x00, 0x02, 0x00, 0x0C, 0x04, 0x00, 0x00,
	0xF6, 0x00, 0x04, 0x00, 0x34, 0x04, 0x00, 0x00, 0x33, 0x04, 0x00, 0x00, 0x00, 0x00, 0x00, 0x00,
	0xF9, 0x00, 0x02, 0x00, 0x0D, 0x04, 0x00, 0x00, 0xF8, 0x00, 0x02, 0x00, 0x0D, 0x04, 0x00, 0x00,
	0xF9, 0x00, 0x02, 0x00, 0x0E, 0x04, 0x00, 0x00, 0xF8, 0x00, 0x02, 0x00, 0x0E, 0x04, 0x00, 0x00,
	0xF9, 0x00, 0x02, 0x00, 0x0F, 0x04, 0x00, 0x00, 0xF8, 0x00, 0x02, 0x00, 0x0F, 0x04, 0x00, 0x00,
	0x3D, 0x00, 0x04, 0x00, 0x0A, 0x00, 0x00, 0x00, 0x10, 0x04, 0x00, 0x00, 0x01, 0x04, 0x00, 0x00,
	0xB1, 0x00, 0x05, 0x00, 0x92, 0x00, 0x00, 0x00, 0x11, 0x04, 0x00, 0x00, 0x10, 0x04, 0x00, 0x00,
	0x19, 0x02, 0x00, 0x00, 0xF7, 0x00, 0x03, 0x00, 0x13, 0x04, 0x00, 0x00, 0x00, 0x00, 0x00, 0x00,
	0xFA, 0x00, 0x04, 0x00, 0x11, 0x04, 0x00, 0x00, 0x13, 0x04, 0x00, 0x00, 0x12, 0x04, 0x00, 0x00,
	0xF8, 0x00, 0x02, 0x00, 0x12, 0x04, 0x00, 0x00, 0xF9, 0x00, 0x02, 0x00, 0x34, 0x04, 0x00, 0x00,
	0xF8, 0x00, 0x02, 0x00, 0x13, 0x04, 0x00, 0x00, 0x3D, 0x00, 0x04, 0x00, 0x0A, 0x00, 0x00, 0x00,
	0x14, 0x04, 0x00, 0x00, 0x01, 0x04, 0x00, 0x00, 0x41, 0x00, 0x05, 0x00, 0x09, 0x01, 0x00, 0x00,
	0x46, 0x04, 0x00, 0x00, 0x46, 0x00, 0x00, 0x00, 0xC8, 0x00, 0x00, 0x00, 0x41, 0x00, 0x05, 0x00,
	0x0B, 0x01, 0x00, 0x00, 0x47, 0x04, 0x00, 0x00, 0x46, 0x04, 0x00, 0x00, 0x86, 0x00, 0x00, 0x00,
	0x41, 0x00, 0x05, 0x00, 0x0D, 0x01, 0x00, 0x00, 0x48, 0x04, 0x00, 0x00, 0x47, 0x04, 0x00, 0x00,
	0x14, 0x04, 0x00, 0x00, 0x3D, 0x00, 0x04, 0x00, 0x05, 0x00, 0x00, 0x00, 0x49, 0x04, 0x00, 0x00,
	0x48, 0x04, 0x00, 0x00, 0x3E, 0x00, 0x03, 0x00, 0x02, 0x04, 0x00, 0x00, 0x49, 0x04, 0x00, 0x00,
	0x41, 0x00, 0x05, 0x00, 0x11, 0x01, 0x00, 0x00, 0x4A, 0x04, 0x00, 0x00, 0x46, 0x00, 0x00, 0x00,
	0x86, 0x00, 0x00, 0x00, 0x41, 0x00, 0x05, 0x00, 0x13, 0x01, 0x00, 0x00, 0x4B, 0x04, 0x00, 0x00,
	0x4A, 0x04, 0x00, 0x00, 0x86, 0x00, 0x00, 0x00, 0x41, 0x00, 0x05, 0x00, 0x89, 0x00, 0x00, 0x00,
	0x4C, 0x04, 0x00, 0x00, 0x4B, 0x04, 0x00, 0x00, 0x14, 0x04, 0x00, 0x00, 0x3D, 0x00, 0x04, 0x00,
	0x06, 0x00, 0x00, 0x00, 0x4D, 0x04, 0x00, 0x00, 0x4C, 0x04, 0x00, 0x00, 0xBC, 0x00, 0x05, 0x00,
	0x92, 0x00, 0x00, 0x00, 0x17, 0x04, 0x00, 0x00, 0xFC, 0x03, 0x00, 0x00, 0x49, 0x04, 0x00, 0x00,
	0xF7, 0x00, 0x03, 0x00, 0x2D, 0x04, 0x00, 0x00, 0x00, 0x00, 0x00, 0x00, 0xFA, 0x00, 0x04, 0x00,
	0x17, 0x04, 0x00, 0x00, 0x18, 0x04, 0x00, 0x00, 0x2D, 0x04, 0x00, 0x00, 0xF8, 0x00, 0x02, 0x00,
	0x18, 0x04, 0x00, 0x00, 0x3D, 0x00, 0x04, 0x00, 0x05, 0x00, 0x00, 0x00, 0x19, 0x04, 0x00, 0x00,
	0x02, 0x04, 0x00, 0x00, 0x3D, 0x00, 0x04, 0x00, 0x05, 0x00, 0x00, 0x00, 0x1A, 0x04, 0x00, 0x00,
	0xFF, 0x03, 0x00, 0x00, 0x83, 0x00, 0x05, 0x00, 0x05, 0x00, 0x00, 0x00, 0x1B, 0x04, 0x00, 0x00,
	0x19, 0x04, 0x00, 0x00, 0x1A, 0x04, 0x00, 0x00, 0xBA, 0x00, 0x05, 0x00, 0x92, 0x00, 0x00, 0x00,
	0x1C, 0x04, 0x00, 0x00, 0x1B, 0x04, 0x00, 0x00, 0x94, 0x00, 0x00, 0x00, 0xF7, 0x00, 0x03, 0x00,
	0x22, 0x04, 0x00, 0x00, 0x00, 0x00, 0x00, 0x00, 0xFA, 0x00, 0x04, 0x00, 0x1C, 0x04, 0x00, 0x00,
	0x1E, 0x04, 0x00, 0x00, 0x1D, 0x04, 0x00, 0x00, 0xF8, 0x00, 0x02, 0x00, 0x1D, 0x04, 0x00, 0x00,
	0x3E, 0x00, 0x03, 0x00, 0x03, 0x04, 0x00, 0x00, 0x97, 0x00, 0x00, 0x00, 0xF9, 0x00, 0x02, 0x00,
	0x22, 0x04, 0x00, 0x00, 0xF8, 0x00, 0x02, 0x00, 0x1E, 0x04, 0x00, 0x00, 0x3D, 0x00, 0x04, 0x00,
	0x05, 0x00, 0x00, 0x00, 0x1F, 0x04, 0x00, 0x00, 0xFF, 0x03, 0x00, 0x00, 0x83, 0x00, 0x05, 0x00,
	0x05, 0x00, 0x00, 0x00, 0x20, 0x04, 0x00, 0x00, 0xFC, 0x03, 0x00, 0x00, 0x1F, 0x04, 0x00, 0x00,
	0x88, 0x00, 0x05, 0x00, 0x05, 0x00, 0x00, 0x00, 0x21, 0x04, 0x00, 0x00, 0x20, 0x04, 0x00, 0x00,
	0x1B, 0x04, 0x00, 0x00, 0x3E, 0x00, 0x03, 0x00, 0x03, 0x04, 0x00, 0x00, 0x21, 0x04, 0x00, 0x00,
	0xF9, 0x00, 0x02, 0x00, 0x22, 0x04, 0x00, 0x00, 0xF8, 0x00, 0x02, 0x00, 0x22, 0x04, 0x00, 0x00,
	0x3D, 0x00, 0x04, 0x00, 0x05, 0x00, 0x00, 0x00, 0x23, 0x04, 0x00, 0x00, 0x03, 0x04, 0x00, 0x00,
	0x50, 0x00, 0x07, 0x00, 0x06, 0x00, 0x00, 0x00, 0x24, 0x04, 0x00, 0x00, 0x23, 0x04, 0x00, 0x00,
	0x23, 0x04, 0x00, 0x00, 0x23, 0x04, 0x00, 0x00, 0x23, 0x04, 0x00, 0x00, 0x3D, 0x00, 0x04, 0x00,
	0x06, 0x00, 0x00, 0x00, 0x25, 0x04, 0x00, 0x00, 0x00, 0x04, 0x00, 0x00, 0x0C, 0x00, 0x08, 0x00,
	0x06, 0x00, 0x00, 0x00, 0x26, 0x04, 0x00, 0x00, 0xCB, 0x00, 0x00, 0x00, 0x2E, 0x00, 0x00, 0x00,
	0x25, 0x04, 0x00, 0x00, 0x4D, 0x04, 0x00, 0x00, 0x24, 0x04, 0x00, 0x00, 0x51, 0x00, 0x05, 0x00,
	0x05, 0x00, 0x00, 0x00, 0x27, 0x04, 0x00, 0x00, 0x26, 0x04, 0x00, 0x00, 0x03, 0x00, 0x00, 0x00,
	0xBA, 0x00, 0x05, 0x00, 0x92, 0x00, 0x00, 0x00, 0x28, 0x04, 0x00, 0x00, 0x27, 0x04, 0x00, 0x00,
	0x94, 0x00, 0x00, 0x00, 0xF7, 0x00, 0x03, 0x00, 0x2B, 0x04, 0x00, 0x00, 0x00, 0x00, 0x00, 0x00,
	0xFA, 0x00, 0x04, 0x00, 0x28, 0x04, 0x00, 0x00, 0x2A, 0x04, 0x00, 0x00, 0x29, 0x04, 0x00, 0x00,
	0xF8, 0x00, 0x02, 0x00, 0x29, 0x04, 0x00, 0x00, 0x3E, 0x00, 0x03, 0x00, 0x00, 0x04, 0x00, 0x00,
	0x3B, 0x01, 0x00, 0x00, 0xF9, 0x00, 0x02, 0x00, 0x2B, 0x04, 0x00, 0x00, 0xF8, 0x00, 0x02, 0x00,
	0x2A, 0x04, 0x00, 0x00, 0x3E, 0x00, 0x03, 0x00, 0x00, 0x04, 0x00, 0x00, 0x26, 0x04, 0x00, 0x00,
	0xF9, 0x00, 0x02, 0x00, 0x2B, 0x04, 0x00, 0x00, 0xF8, 0x00, 0x02, 0x00, 0x2B, 0x04, 0x00, 0x00,
	0x3D, 0x00, 0x04, 0x00, 0x06, 0x00, 0x00, 0x00, 0x2C, 0x04, 0x00, 0x00, 0x00, 0x04, 0x00, 0x00,
	0x3E, 0x00, 0x03, 0x00, 0xFD, 0x03, 0x00, 0x00, 0xF6, 0x01, 0x00, 0x00, 0x3E, 0x00, 0x03, 0x00,
	0xFE, 0x03, 0x00, 0x00, 0x2C, 0x04, 0x00, 0x00, 0xF9, 0x00, 0x02, 0x00, 0x34, 0x04, 0x00, 0x00,
	0xF8, 0x00, 0x02, 0x00, 0x2D, 0x04, 0x00, 0x00, 0x3D, 0x00, 0x04, 0x00, 0x05, 0x00, 0x00, 0x00,
	0x2E, 0x04, 0x00, 0x00, 0x02, 0x04, 0x00, 0x00, 0x3E, 0x00, 0x03, 0x00, 0xFF, 0x03, 0x00, 0x00,
	0x2E, 0x04, 0x00, 0x00, 0xF9, 0x00, 0x02, 0x00, 0x2F, 0x04, 0x00, 0x00, 0xF8, 0x00, 0x02, 0x00,
	0x2F, 0x04, 0x00, 0x00, 0xF9, 0x00, 0x02, 0x00, 0x30, 0x04, 0x00, 0x00, 0xF8, 0x00, 0x02, 0x00,
	0x30, 0x04, 0x00, 0x00, 0x3D, 0x00, 0x04, 0x00, 0x0A, 0x00, 0x00, 0x00, 0x31, 0x04, 0x00, 0x00,
	0x01, 0x04, 0x00, 0x00, 0x80, 0x00, 0x05, 0x00, 0x0A, 0x00, 0x00, 0x00, 0x32, 0x04, 0x00, 0x00,
	0x31, 0x04, 0x00, 0x00, 0xC8, 0x00, 0x00, 0x00, 0x3E, 0x00, 0x03, 0x00, 0x00, 0x04, 0x00, 0x00,
	0x4D, 0x04, 0x00, 0x00, 0x3E, 0x00, 0x03, 0x00, 0x01, 0x04, 0x00, 0x00, 0x32, 0x04, 0x00, 0x00,
	0xF9, 0x00, 0x02, 0x00, 0x33, 0x04, 0x00, 0x00, 0xF8, 0x00, 0x02, 0x00, 0x33, 0x04, 0x00, 0x00,
	0xF9, 0x00, 0x02, 0x00, 0x0C, 0x04, 0x00, 0x00, 0xF8, 0x00, 0x02, 0x00, 0x34, 0x04, 0x00, 0x00,
	0x3D, 0x00, 0x04, 0x00, 0x92, 0x00, 0x00, 0x00, 0x35, 0x04, 0x00, 0x00, 0xFD, 0x03, 0x00, 0x00,
	0xF7, 0x00, 0x03, 0x00, 0x36, 0x04, 0x00, 0x00, 0x00, 0x00, 0x00, 0x00, 0xFA, 0x00, 0x04, 0x00,
	0x35, 0x04, 0x00, 0x00, 0x38, 0x04, 0x00, 0x00, 0x36, 0x04, 0x00, 0x00, 0xF8, 0x00, 0x02, 0x00,
	0x36, 0x04, 0x00, 0x00, 0x3D, 0x00, 0x04, 0x00, 0x06, 0x00, 0x00, 0x00, 0x37, 0x04, 0x00, 0x00,
	0x00, 0x04, 0x00, 0x00, 0x3E, 0x00, 0x03, 0x00, 0xFD, 0x03, 0x00, 0x00, 0xF6, 0x01, 0x00, 0x00,
	0x3E, 0x00, 0x03, 0x00, 0xFE, 0x03, 0x00, 0x00, 0x37, 0x04, 0x00, 0x00, 0xF9, 0x00, 0x02, 0x00,
	0x38, 0x04, 0x00, 0x00, 0xF8, 0x00, 0x02, 0x00, 0x38, 0x04, 0x00, 0x00, 0x3D, 0x00, 0x04, 0x00,
	0x06, 0x00, 0x00, 0x00, 0x39, 0x04, 0x00, 0x00, 0xFE, 0x03, 0x00, 0x00, 0x3E, 0x00, 0x03, 0x00,
	0xB5, 0x03, 0x00, 0x00, 0x39, 0x04, 0x00, 0x00, 0xF9, 0x00, 0x02, 0x00, 0xCE, 0x03, 0x00, 0x00,
	0xF8, 0x00, 0x02, 0x00, 0xCE, 0x03, 0x00, 0x00, 0x3D, 0x00, 0x04, 0x00, 0x06, 0x00, 0x00, 0x00,
	0xCF, 0x03, 0x00, 0x00, 0xB5, 0x03, 0x00, 0x00, 0x3E, 0x00, 0x03, 0x00, 0x0D, 0x02, 0x00, 0x00,
	0xCF, 0x03, 0x00, 0x00, 0xF9, 0x00, 0x02, 0x00, 0x3D, 0x02, 0x00, 0x00, 0xF8, 0x00, 0x02, 0x00,
	0x20, 0x02, 0x00, 0x00, 0x4F, 0x00, 0x07, 0x00, 0x21, 0x00, 0x00, 0x00, 0x21, 0x02, 0x00, 0x00,
	0x14, 0x02, 0x00, 0x00, 0x14, 0x02, 0x00, 0x00, 0x00, 0x00, 0x00, 0x00, 0x01, 0x00, 0x00, 0x00,
	0x83, 0x00, 0x05, 0x00, 0x21, 0x00, 0x00, 0x00, 0x22, 0x02, 0x00, 0x00, 0x21, 0x02, 0x00, 0x00,
	0x10, 0x02, 0x00, 0x00, 0x51, 0x00, 0x05, 0x00, 0x05, 0x00, 0x00, 0x00, 0x25, 0x02, 0x00, 0x00,
	0x22, 0x02, 0x00, 0x00, 0x00, 0x00, 0x00, 0x00, 0x85, 0x00, 0x05, 0x00, 0x05, 0x00, 0x00, 0x00,
	0x26, 0x02, 0x00, 0x00, 0x1A, 0x00, 0x00, 0x00, 0x25, 0x02, 0x00, 0x00, 0x51, 0x00, 0x05, 0x00,
	0x05, 0x00, 0x00, 0x00, 0x29, 0x02, 0x00, 0x00, 0x22, 0x02, 0x00, 0x00, 0x01, 0x00, 0x00, 0x00,
	0x85, 0x00, 0x05, 0x00, 0x05, 0x00, 0x00, 0x00, 0x2A, 0x02, 0x00, 0x00, 0x1B, 0x00, 0x00, 0x00,
	0x29, 0x02, 0x00, 0x00, 0x81, 0x00, 0x05, 0x00, 0x05, 0x00, 0x00, 0x00, 0x2B, 0x02, 0x00, 0x00,
	0x26, 0x02, 0x00, 0x00, 0x2A, 0x02, 0x00, 0x00, 0x81, 0x00, 0x05, 0x00, 0x05, 0x00, 0x00, 0x00,
	0x2E, 0x02, 0x00, 0x00, 0x2B, 0x02, 0x00, 0x00, 0x1C, 0x00, 0x00, 0x00, 0x85, 0x00, 0x05, 0x00,
	0x05, 0x00, 0x00, 0x00, 0x30, 0x02, 0x00, 0x00, 0x1E, 0x00, 0x00, 0x00, 0x25, 0x02, 0x00, 0x00,
	0x85, 0x00, 0x05, 0x00, 0x05, 0x00, 0x00, 0x00, 0x32, 0x02, 0x00, 0x00, 0x1F, 0x00, 0x00, 0x00,
	0x29, 0x02, 0x00, 0x00, 0x81, 0x00, 0x05, 0x00, 0x05, 0x00, 0x00, 0x00, 0x33, 0x02, 0x00, 0x00,
	0x30, 0x02, 0x00, 0x00, 0x32, 0x02, 0x00, 0x00, 0x81, 0x00, 0x05, 0x00, 0x05, 0x00, 0x00, 0x00,
	0x35, 0x02, 0x00, 0x00, 0x33, 0x02, 0x00, 0x00, 0x20, 0x00, 0x00, 0x00, 0x50, 0x00, 0x05, 0x00,
	0x21, 0x00, 0x00, 0x00, 0x36, 0x02, 0x00, 0x00, 0x2E, 0x02, 0x00, 0x00, 0x35, 0x02, 0x00, 0x00,
	0x4F, 0x00, 0x07, 0x00, 0x21, 0x00, 0x00, 0x00, 0x37, 0x02, 0x00, 0x00, 0x07, 0x00, 0x00, 0x00,
	0x07, 0x00, 0x00, 0x00, 0x02, 0x00, 0x00, 0x00, 0x03, 0x00, 0x00, 0x00, 0x88, 0x00, 0x05, 0x00,
	0x21, 0x00, 0x00, 0x00, 0x38, 0x02, 0x00, 0x00, 0x36, 0x02, 0x00, 0x00, 0x37, 0x02, 0x00, 0x00,
	0x3D, 0x00, 0x04, 0x00, 0x72, 0x00, 0x00, 0x00, 0x39, 0x02, 0x00, 0x00, 0x75, 0x00, 0x00, 0x00,
	0x57, 0x00, 0x06, 0x00, 0x06, 0x00, 0x00, 0x00, 0x3A, 0x02, 0x00, 0x00, 0x39, 0x02, 0x00, 0x00,
	0x38, 0x02, 0x00, 0x00, 0x00, 0x00, 0x00, 0x00, 0x3E, 0x00, 0x03, 0x00, 0x0D, 0x02, 0x00, 0x00,
	0x3A, 0x02, 0x00, 0x00, 0xF9, 0x00, 0x02, 0x00, 0x3D, 0x02, 0x00, 0x00, 0xF8, 0x00, 0x02, 0x00,
	0x3C, 0x02, 0x00, 0x00, 0x3E, 0x00, 0x03, 0x00, 0x0D, 0x02, 0x00, 0x00, 0x07, 0x00, 0x00, 0x00,
	0xF9, 0x00, 0x02, 0x00, 0x3D, 0x02, 0x00, 0x00, 0xF8, 0x00, 0x02, 0x00, 0x3D, 0x02, 0x00, 0x00,
	0x3D, 0x00, 0x04, 0x00, 0x06, 0x00, 0x00, 0x00, 0x3E, 0x02, 0x00, 0x00, 0x0D, 0x02, 0x00, 0x00,
	0x4F, 0x00, 0x08, 0x00, 0x13, 0x00, 0x00, 0x00, 0x3F, 0x02, 0x00, 0x00, 0x3E, 0x02, 0x00, 0x00,
	0x3E, 0x02, 0x00, 0x00, 0x00, 0x00, 0x00, 0x00, 0x01, 0x00, 0x00, 0x00, 0x02, 0x00, 0x00, 0x00,
	0x51, 0x00, 0x05, 0x00, 0x05, 0x00, 0x00, 0x00, 0x41, 0x02, 0x00, 0x00, 0x3E, 0x02, 0x00, 0x00,
	0x03, 0x00, 0x00, 0x00, 0x8E, 0x00, 0x05, 0x00, 0x13, 0x00, 0x00, 0x00, 0x42, 0x02, 0x00, 0x00,
	0x3F, 0x02, 0x00, 0x00, 0x41, 0x02, 0x00, 0x00, 0x50, 0x00, 0x05, 0x00, 0x06, 0x00, 0x00, 0x00,
	0x43, 0x02, 0x00, 0x00, 0x42, 0x02, 0x00, 0x00, 0x41, 0x02, 0x00, 0x00, 0x8E, 0x00, 0x05, 0x00,
	0x06, 0x00, 0x00, 0x00, 0xE9, 0x01, 0x00, 0x00, 0x43, 0x02, 0x00, 0x00, 0x0E, 0x00, 0x00, 0x00,
	0x3E, 0x00, 0x03, 0x00, 0xEB, 0x01, 0x00, 0x00, 0xE9, 0x01, 0x00, 0x00, 0xFD, 0x00, 0x01, 0x00,
	0x38, 0x00, 0x01, 0x00
};

unsigned char* code[2] = { vg_vert_spv0, vg_frag_spv0 };
size_t code_len[2] = { 4048,14004 };

struct ovgVertex2 {
	glm::vec2     pos;
	uint32_t color;
	glm::vec3     uv;
};
#ifndef STENCIL_FILL_BIT
#define STENCIL_FILL_BIT              0x1
#define STENCIL_CLIP_BIT              0x2
#define STENCIL_ALL_BIT               0x3
#endif
// 兼容VkhDevice
struct ovg_device_t {
	VkDevice dev;
	VkPhysicalDeviceMemoryProperties phyMemProps;
	VkPhysicalDevice phy;
	VkInstance instance;
	VmaAllocator allocator;
	void* application;
	usp_ac_cx* ac = 0;	// 内存分配器 
	VkPipelineCache pipelineCache = 0;
};
struct ovg_ctx_t {
	ovg_device_t* dev = 0;
	VkFormat colorFormat; VkFormat depthFormat;
	VkSampleCountFlags samples;

	VkDescriptorSetLayout dslPushDset = 0;
	VkPipelineLayout pipelineLayout = 0;
	VkPipeline pipe_OVER = 0; /**< default operator */
	VkPipeline pipe_SUB = 0;
	VkPipeline pipe_CLEAR = 0; /**< clear operator */
	VkPipeline pipelinePolyFill = 0; /**< even-odd polygon filling first step */
	VkPipeline pipelineClipping = 0; /**< draw on stencil to update clipping regions */

	ovg_canvas_cb ccb = {};
};
template <typename T>
inline T ovgAlignUp(T val, T align)
{
	return (val + align - 1) / align * align;
}
void free_vkdevctx(ovg_device_t* dev) {
	if (dev && dev->ac) {
		auto ac = dev->ac;
		if (dev->pipelineCache) {
			vkDestroyPipelineCache(dev->dev, dev->pipelineCache, 0);
		}
		ac->free_obj(dev);
		delete ac;
	}
}
ovg_device_t* new_vkdevctx(VkDevice vkdev, VkPhysicalDevice phy, VkInstance instance)
{
	auto ac = new usp_ac_cx();
	if (!ac || !vkdev || !phy || !instance) { if (ac) { delete ac; }return 0; }
	ovg_device_t* dev = ac->new_obj<ovg_device_t>();
	dev->dev = vkdev;
	dev->phy = phy;
	dev->instance = instance;
	dev->ac = ac;
	vkGetPhysicalDeviceMemoryProperties(phy, &dev->phyMemProps);
	VmaAllocatorCreateInfo allocatorInfo = {};
	allocatorInfo.physicalDevice = phy; allocatorInfo.device = dev->dev;
	vmaCreateAllocator(&allocatorInfo, (VmaAllocator*)&dev->allocator);
	return dev;
}
ovg_ctx_t* new_ovgctx(ovg_device_t* dev, VkFormat colorFormat, VkFormat depthFormat, VkSampleCountFlags samples)
{
	if (!dev || !dev->ac)return 0;
	ovg_ctx_t* ctx = dev->ac->new_obj<ovg_ctx_t>();
	if (!ctx)return 0;
	ctx->dev = dev;
	ctx->colorFormat = colorFormat;
	ctx->depthFormat = depthFormat;
	ctx->samples = samples;
	ctx->ccb.ac = (mem_resource_t*)dev->ac;
	init_ovg_cb(&ctx->ccb);
	VkPipelineCacheCreateInfo pipelineCacheCreateInfo = { .sType = VK_STRUCTURE_TYPE_PIPELINE_CACHE_CREATE_INFO };
	auto hr1 = vkCreatePipelineCache(dev->dev, &pipelineCacheCreateInfo, NULL, &dev->pipelineCache);

	VkGraphicsPipelineCreateInfo pipelineCreateInfo = { .sType = VK_STRUCTURE_TYPE_GRAPHICS_PIPELINE_CREATE_INFO };
	VkPipelineInputAssemblyStateCreateInfo inputAssemblyState = {
	.sType = VK_STRUCTURE_TYPE_PIPELINE_INPUT_ASSEMBLY_STATE_CREATE_INFO,
	.topology = VK_PRIMITIVE_TOPOLOGY_TRIANGLE_FAN };
	VkPipelineRasterizationStateCreateInfo rasterizationState = {
		.sType = VK_STRUCTURE_TYPE_PIPELINE_RASTERIZATION_STATE_CREATE_INFO,
		.depthClampEnable = VK_FALSE,
		.rasterizerDiscardEnable = VK_FALSE,
		.polygonMode = VK_POLYGON_MODE_FILL,
		.cullMode = VK_CULL_MODE_NONE,
		.frontFace = VK_FRONT_FACE_COUNTER_CLOCKWISE,
		.depthBiasEnable = VK_FALSE,
		.lineWidth = 1.0f };

	VkPipelineColorBlendAttachmentState blendAttachmentState = {
		.blendEnable = VK_TRUE,
		.srcColorBlendFactor = VK_BLEND_FACTOR_ONE,
		.dstColorBlendFactor = VK_BLEND_FACTOR_ONE_MINUS_SRC_ALPHA,
		.colorBlendOp = VK_BLEND_OP_ADD,
		.srcAlphaBlendFactor = VK_BLEND_FACTOR_ONE,
		.dstAlphaBlendFactor = VK_BLEND_FACTOR_ONE_MINUS_SRC_ALPHA,
		.alphaBlendOp = VK_BLEND_OP_ADD,
		.colorWriteMask = VK_COLOR_COMPONENT_R_BIT | VK_COLOR_COMPONENT_G_BIT | VK_COLOR_COMPONENT_B_BIT | VK_COLOR_COMPONENT_A_BIT,
	};

	VkPipelineColorBlendStateCreateInfo colorBlendState = { .sType =
															   VK_STRUCTURE_TYPE_PIPELINE_COLOR_BLEND_STATE_CREATE_INFO,
														   .attachmentCount = 1,
														   .pAttachments = &blendAttachmentState };

	/*failOp,passOp,depthFailOp,compareOp, compareMask, writeMask, reference;*/
	VkStencilOpState polyFillOpState = { VK_STENCIL_OP_KEEP,
										VK_STENCIL_OP_INVERT,
										VK_STENCIL_OP_KEEP,
										VK_COMPARE_OP_EQUAL,
										STENCIL_CLIP_BIT,
										STENCIL_FILL_BIT,
										0 };
	VkStencilOpState clipingOpState = { VK_STENCIL_OP_ZERO,
										VK_STENCIL_OP_REPLACE,
										VK_STENCIL_OP_KEEP,
										VK_COMPARE_OP_EQUAL,
										STENCIL_FILL_BIT,
										STENCIL_ALL_BIT,
										0x2 };
	VkStencilOpState stencilOpState = { VK_STENCIL_OP_KEEP,
										VK_STENCIL_OP_ZERO,
										VK_STENCIL_OP_KEEP,
										VK_COMPARE_OP_EQUAL,
										STENCIL_FILL_BIT,
										STENCIL_FILL_BIT,
										0x1 };

	VkPipelineDepthStencilStateCreateInfo dsStateCreateInfo = {
		.sType = VK_STRUCTURE_TYPE_PIPELINE_DEPTH_STENCIL_STATE_CREATE_INFO,
		.depthTestEnable = VK_FALSE,
		.depthWriteEnable = VK_FALSE,
		.depthCompareOp = VK_COMPARE_OP_ALWAYS,
		.stencilTestEnable = VK_TRUE,
		.front = polyFillOpState,
		.back = polyFillOpState };

	VkDynamicState dynamicStateEnables[] = {
		VK_DYNAMIC_STATE_VIEWPORT,
		VK_DYNAMIC_STATE_SCISSOR,
		VK_DYNAMIC_STATE_STENCIL_COMPARE_MASK,
		VK_DYNAMIC_STATE_STENCIL_REFERENCE,
		VK_DYNAMIC_STATE_STENCIL_WRITE_MASK,
	};
	VkPipelineDynamicStateCreateInfo dynamicState = { .sType = VK_STRUCTURE_TYPE_PIPELINE_DYNAMIC_STATE_CREATE_INFO,
		.dynamicStateCount = 2, .pDynamicStates = dynamicStateEnables };
	VkPipelineViewportStateCreateInfo viewportState = { .sType = VK_STRUCTURE_TYPE_PIPELINE_VIEWPORT_STATE_CREATE_INFO,
		.viewportCount = 1, .scissorCount = 1 };
	VkPipelineMultisampleStateCreateInfo multisampleState = { .sType = VK_STRUCTURE_TYPE_PIPELINE_MULTISAMPLE_STATE_CREATE_INFO,
		.rasterizationSamples = (VkSampleCountFlagBits)ctx->samples };
	/*if (ctx->samples != VK_SAMPLE_COUNT_1_BIT){
		multisampleState.sampleShadingEnable = VK_TRUE;
		multisampleState.minSampleShading = 0.5f;
	}*/
	VkVertexInputBindingDescription vertexInputBinding = { .binding = 0, .stride = sizeof(ovgVertex2), .inputRate = VK_VERTEX_INPUT_RATE_VERTEX };
	VkVertexInputAttributeDescription vertexInputAttributs[3] = { {0, 0, VK_FORMAT_R32G32_SFLOAT, 0},
																 {1, 0, VK_FORMAT_R8G8B8A8_UNORM, 8},
																 {2, 0, VK_FORMAT_R32G32B32_SFLOAT, 12} };
	VkPipelineVertexInputStateCreateInfo vertexInputState = {
	.sType = VK_STRUCTURE_TYPE_PIPELINE_VERTEX_INPUT_STATE_CREATE_INFO,
	.vertexBindingDescriptionCount = 1,
	.pVertexBindingDescriptions = &vertexInputBinding,
	.vertexAttributeDescriptionCount = 3,
	.pVertexAttributeDescriptions = vertexInputAttributs };

	VkShaderModule modVert = {}, modFrag = {};
	VkShaderModuleCreateInfo createInfo = { .sType = VK_STRUCTURE_TYPE_SHADER_MODULE_CREATE_INFO, .codeSize = code_len[0], .pCode = (uint32_t*)code[0] };
	auto hr = vkCreateShaderModule(dev->dev, &createInfo, NULL, &modVert);
	createInfo.pCode = (uint32_t*)code[1];
	createInfo.codeSize = code_len[1];
	hr = vkCreateShaderModule(dev->dev, &createInfo, NULL, &modFrag);

	VkDescriptorSetLayoutBinding    dsLayoutBinding = { 0, VK_DESCRIPTOR_TYPE_COMBINED_IMAGE_SAMPLER, 1, VK_SHADER_STAGE_FRAGMENT_BIT, NULL };
	VkDescriptorSetLayoutCreateInfo dsLayoutCreateInfo = { .sType = VK_STRUCTURE_TYPE_DESCRIPTOR_SET_LAYOUT_CREATE_INFO, .bindingCount = 1, .pBindings = &dsLayoutBinding };
	std::array<VkDescriptorSetLayoutBinding, 2> setLayoutBindings = { };
	dsLayoutBinding.binding = 1;
	setLayoutBindings[1] = dsLayoutBinding;
	dsLayoutBinding.binding = 0;
	dsLayoutBinding.descriptorType = VK_DESCRIPTOR_TYPE_UNIFORM_BUFFER;
	setLayoutBindings[0] = dsLayoutBinding;
	dsLayoutCreateInfo.bindingCount = 2;
	dsLayoutCreateInfo.pBindings = setLayoutBindings.data();
	dsLayoutCreateInfo.flags = VK_DESCRIPTOR_SET_LAYOUT_CREATE_PUSH_DESCRIPTOR_BIT;
	hr = vkCreateDescriptorSetLayout(dev->dev, &dsLayoutCreateInfo, NULL, &ctx->dslPushDset);
	VkPushConstantRange pushConstantRange[] = {
		{VK_SHADER_STAGE_VERTEX_BIT, 0, sizeof(push_constants_t)},
		//{VK_SHADER_STAGE_FRAGMENT_BIT,0,sizeof(push_constants_t)}
	};
	//pushConstantRange->size = ovgAlignUp(pushConstantRange->size, (uint32_t)32);
	VkPipelineLayoutCreateInfo pipelineLayoutCreateInfo = { .sType = VK_STRUCTURE_TYPE_PIPELINE_LAYOUT_CREATE_INFO,
		.setLayoutCount = 1,
		.pSetLayouts = &ctx->dslPushDset,
		.pushConstantRangeCount = 1,
		.pPushConstantRanges = (VkPushConstantRange*)&pushConstantRange };
	hr = vkCreatePipelineLayout(dev->dev, &pipelineLayoutCreateInfo, NULL, &ctx->pipelineLayout);
	VkPipelineShaderStageCreateInfo vertStage = {
		.sType = VK_STRUCTURE_TYPE_PIPELINE_SHADER_STAGE_CREATE_INFO,
		.stage = VK_SHADER_STAGE_VERTEX_BIT,
		.module = modVert,
		.pName = "main",
	};
	VkPipelineShaderStageCreateInfo fragStage = {
		.sType = VK_STRUCTURE_TYPE_PIPELINE_SHADER_STAGE_CREATE_INFO,
		.stage = VK_SHADER_STAGE_FRAGMENT_BIT,
		.module = modFrag,
		.pName = "main",
	};
	VkPipelineShaderStageCreateInfo shaderStages[] = { vertStage, fragStage };
	pipelineCreateInfo.stageCount = 1;
	pipelineCreateInfo.pStages = shaderStages;
	pipelineCreateInfo.pVertexInputState = &vertexInputState;
	pipelineCreateInfo.pInputAssemblyState = &inputAssemblyState;
	pipelineCreateInfo.pViewportState = &viewportState;
	pipelineCreateInfo.pRasterizationState = &rasterizationState;
	pipelineCreateInfo.pMultisampleState = &multisampleState;
	pipelineCreateInfo.pColorBlendState = &colorBlendState;
	pipelineCreateInfo.pDepthStencilState = &dsStateCreateInfo;
	pipelineCreateInfo.pDynamicState = &dynamicState;
	pipelineCreateInfo.layout = ctx->pipelineLayout;
	pipelineCreateInfo.renderPass = nullptr;
	VkPipelineRenderingCreateInfoKHR pipelineRenderingCreateInfo{
		.sType = VK_STRUCTURE_TYPE_PIPELINE_RENDERING_CREATE_INFO_KHR,
		.colorAttachmentCount = 1,
		.pColorAttachmentFormats = &ctx->colorFormat,
		.depthAttachmentFormat = ctx->depthFormat,
		.stencilAttachmentFormat = ctx->depthFormat
	};
	pipelineCreateInfo.pNext = &pipelineRenderingCreateInfo;

#ifndef __APPLE__
	hr = vkCreateGraphicsPipelines(dev->dev, dev->pipelineCache, 1, &pipelineCreateInfo, NULL, &ctx->pipelinePolyFill);
#endif
	inputAssemblyState.topology = VK_PRIMITIVE_TOPOLOGY_TRIANGLE_LIST;
	dsStateCreateInfo.back = dsStateCreateInfo.front = clipingOpState;
	dynamicState.dynamicStateCount = 5;
	hr = vkCreateGraphicsPipelines(dev->dev, dev->pipelineCache, 1, &pipelineCreateInfo, NULL, &ctx->pipelineClipping);

	dsStateCreateInfo.back = dsStateCreateInfo.front = stencilOpState;
	blendAttachmentState.colorWriteMask = 0xf;
	dynamicState.dynamicStateCount = 3;
	pipelineCreateInfo.stageCount = 2;
	hr = vkCreateGraphicsPipelines(dev->dev, dev->pipelineCache, 1, &pipelineCreateInfo, NULL, &ctx->pipe_OVER);
	blendAttachmentState.alphaBlendOp = blendAttachmentState.colorBlendOp = VK_BLEND_OP_SUBTRACT;
	hr = vkCreateGraphicsPipelines(dev->dev, dev->pipelineCache, 1, &pipelineCreateInfo, NULL, &ctx->pipe_SUB);
	colorBlendState.logicOpEnable = VK_TRUE;
	blendAttachmentState.blendEnable = VK_FALSE;
	colorBlendState.logicOp = VK_LOGIC_OP_CLEAR;
	hr = vkCreateGraphicsPipelines(dev->dev, dev->pipelineCache, 1, &pipelineCreateInfo, NULL, &ctx->pipe_CLEAR);
	vkDestroyShaderModule(dev->dev, modVert, NULL);
	vkDestroyShaderModule(dev->dev, modFrag, NULL);
	return ctx;
}

ovg_canvas_cb* get_canvas_cb(ovg_ctx_t* ctx)
{
	return &ctx->ccb;
}

void** get_ctx_pipe(ovg_ctx_t* ctx)
{
	return (void**)&ctx->pipelineLayout;
}

static SDL_GPUShader* compileShader(SDL_GPUDevice* device, SDL_GPUShaderStage stage)
{
	SDL_GPUShaderFormat formats = SDL_GetGPUShaderFormats(device);
	// SDL_GPU_SHADERSTAGE_VERTEX,
	// SDL_GPU_SHADERSTAGE_FRAGMENT
	SDL_GPUShaderCreateInfo sci = { };
	sci.code = code[stage];
	sci.code_size = code_len[stage];
	sci.format = SDL_GPU_SHADERFORMAT_SPIRV;
	// FIXME not sure if this is correctstage ? "fragMain" :
	sci.entrypoint = "main";
	sci.num_samplers = stage;
	sci.num_uniform_buffers = stage;
	sci.stage = stage;

	return SDL_CreateGPUShader(device, &sci);
}
void* new_gpu()
{
	SDL_PropertiesID create_props = SDL_CreateProperties();
	bool debug = SDL_GetBooleanProperty(create_props, SDL_PROP_GPU_DEVICE_CREATE_DEBUGMODE_BOOLEAN, false);
	bool lowpower = SDL_GetBooleanProperty(create_props, SDL_PROP_GPU_DEVICE_CREATE_PREFERLOWPOWER_BOOLEAN, false);

	debug = SDL_GetHintBoolean(SDL_HINT_RENDER_GPU_DEBUG, debug);
	lowpower = SDL_GetHintBoolean(SDL_HINT_RENDER_GPU_LOW_POWER, lowpower);

	SDL_SetBooleanProperty(create_props, SDL_PROP_GPU_DEVICE_CREATE_DEBUGMODE_BOOLEAN, debug);
	SDL_SetBooleanProperty(create_props, SDL_PROP_GPU_DEVICE_CREATE_PREFERLOWPOWER_BOOLEAN, lowpower);

	if (!SDL_HasProperty(create_props, SDL_PROP_GPU_DEVICE_CREATE_NAME_STRING))
	{
		SDL_SetStringProperty(create_props, SDL_PROP_GPU_DEVICE_CREATE_NAME_STRING, "vulkan");
	}
	if (!SDL_HasProperty(create_props, SDL_PROP_GPU_DEVICE_CREATE_D3D12_ALLOW_FEWER_RESOURCE_SLOTS_BOOLEAN)) {
		SDL_SetBooleanProperty(create_props, SDL_PROP_GPU_DEVICE_CREATE_D3D12_ALLOW_FEWER_RESOURCE_SLOTS_BOOLEAN, true);
	}
	if (!SDL_HasProperty(create_props, SDL_PROP_GPU_DEVICE_CREATE_FEATURE_CLIP_DISTANCE_BOOLEAN)) {
		SDL_SetBooleanProperty(create_props, SDL_PROP_GPU_DEVICE_CREATE_FEATURE_CLIP_DISTANCE_BOOLEAN, false);
	}
	if (!SDL_HasProperty(create_props, SDL_PROP_GPU_DEVICE_CREATE_FEATURE_DEPTH_CLAMPING_BOOLEAN)) {
		SDL_SetBooleanProperty(create_props, SDL_PROP_GPU_DEVICE_CREATE_FEATURE_DEPTH_CLAMPING_BOOLEAN, false);
	}
	if (!SDL_HasProperty(create_props, SDL_PROP_GPU_DEVICE_CREATE_FEATURE_INDIRECT_DRAW_FIRST_INSTANCE_BOOLEAN)) {
		SDL_SetBooleanProperty(create_props, SDL_PROP_GPU_DEVICE_CREATE_FEATURE_INDIRECT_DRAW_FIRST_INSTANCE_BOOLEAN, false);
	}
	if (!SDL_HasProperty(create_props, SDL_PROP_GPU_DEVICE_CREATE_FEATURE_ANISOTROPY_BOOLEAN)) {
		SDL_SetBooleanProperty(create_props, SDL_PROP_GPU_DEVICE_CREATE_FEATURE_ANISOTROPY_BOOLEAN, false);
	}
	if (!SDL_HasProperty(create_props, SDL_PROP_GPU_DEVICE_CREATE_METAL_ALLOW_MACFAMILY1_BOOLEAN)) {
		SDL_SetBooleanProperty(create_props, SDL_PROP_GPU_DEVICE_CREATE_METAL_ALLOW_MACFAMILY1_BOOLEAN, false);
	}
	SDL_SetBooleanProperty(create_props, SDL_PROP_GPU_DEVICE_CREATE_SHADERS_SPIRV_BOOLEAN, 1);
	auto device = SDL_CreateGPUDeviceWithProperties(create_props);
	if (!device) return 0;
	SDL_GPUShader* v = compileShader(device, SDL_GPUShaderStage::SDL_GPU_SHADERSTAGE_VERTEX);
	SDL_GPUShader* f = compileShader(device, SDL_GPUShaderStage::SDL_GPU_SHADERSTAGE_FRAGMENT);
	SDL_GPUGraphicsPipelineCreateInfo pipelinedesc = {};
	SDL_GPUColorTargetDescription color_target_desc = {};
	pipelinedesc.target_info.num_color_targets = 1;
	pipelinedesc.target_info.color_target_descriptions = &color_target_desc;
	pipelinedesc.target_info.depth_stencil_format = SDL_GPU_TEXTUREFORMAT_D24_UNORM_S8_UINT;
	pipelinedesc.target_info.has_depth_stencil_target = true;

	pipelinedesc.depth_stencil_state.enable_depth_test = true;
	pipelinedesc.depth_stencil_state.enable_depth_write = true;
	pipelinedesc.depth_stencil_state.compare_op = SDL_GPU_COMPAREOP_LESS_OR_EQUAL;

	pipelinedesc.multisample_state.sample_count = SDL_GPU_SAMPLECOUNT_1;

	pipelinedesc.primitive_type = SDL_GPU_PRIMITIVETYPE_TRIANGLELIST;

	pipelinedesc.vertex_shader = v;
	pipelinedesc.fragment_shader = f;
	SDL_GPUVertexBufferDescription vertex_buffer_desc = {};
	vertex_buffer_desc.slot = 0;
	vertex_buffer_desc.input_rate = SDL_GPU_VERTEXINPUTRATE_VERTEX;
	vertex_buffer_desc.instance_step_rate = 0;
	vertex_buffer_desc.pitch = sizeof(float) * 9;
	SDL_GPUVertexAttribute vertex_attributes[3] = {};
	vertex_attributes[0].buffer_slot = 0;
	vertex_attributes[0].format = SDL_GPU_VERTEXELEMENTFORMAT_FLOAT2;
	vertex_attributes[0].location = 0;
	vertex_attributes[0].offset = 0;

	vertex_attributes[1].buffer_slot = 0;
	vertex_attributes[1].format = SDL_GPU_VERTEXELEMENTFORMAT_FLOAT3;
	vertex_attributes[1].location = 1;
	vertex_attributes[1].offset = sizeof(float) * 3;

	vertex_attributes[1].buffer_slot = 0;
	vertex_attributes[1].format = SDL_GPU_VERTEXELEMENTFORMAT_FLOAT3;
	vertex_attributes[1].location = 2;
	vertex_attributes[1].offset = sizeof(float) * 5;

	pipelinedesc.vertex_input_state.num_vertex_buffers = 1;
	pipelinedesc.vertex_input_state.vertex_buffer_descriptions = &vertex_buffer_desc;
	pipelinedesc.vertex_input_state.num_vertex_attributes = 2;
	pipelinedesc.vertex_input_state.vertex_attributes = (SDL_GPUVertexAttribute*)&vertex_attributes;

	pipelinedesc.props = 0;

	auto pipeline = SDL_CreateGPUGraphicsPipeline(device, &pipelinedesc);
	return device;
}
// vg
#if 1
struct ovg_path_t {
	usp_ac_cx* ac = 0;
	std::pmr::vector<glm::vec2> points;	// 点数组
	std::pmr::vector<uint32_t> pathes;	// 每段大小
	std::pmr::vector<uint32_t> colors;	// 颜色数组，和pathes大小一样
	uint32_t color = 0xffffffff;		// 默认颜色
	uint32_t segmentPtr;   // current segment count in current path having curves
	uint32_t subpathCount; // store count of subpath, not straight forward to retrieve from segmented path array

	uint32_t  pathPtr = 0;		// 路径数组中的指针pointer in the path array  
	vg_state_save_t* t = 0;
	uint32_t curVertOffset = 0;
	bool     simpleConvex; // true if path is single rect or concave closed curve.
};

#define PATH_CLOSED_BIT 0x80000000 /* most significant bit of path elmts is closed/open path state */
#define PATH_HAS_CURVES_BIT                                                                                            \
    0x40000000                        /* 2rd most significant bit of path elmts is curved status                       \
                                       * for main path, this indicate that curve datas are present.                    \
                                       * For segments, this indicate that the segment is curved or not */
#define PATH_IS_CONVEX_BIT 0x20000000 /* simple rectangle or circle. */
#define PATH_ELT_MASK      0x1FFFFFFF /* Bit mask for fetching path element value */

#define ROUNDF(f, c)       (((float)((int)((f) * (c))) / (c)))
#define ROUND_DOWN(v, p)   (floorf(v * p) / p)
#define EQUF(a, b)         (fabsf(a - (b)) <= FLT_EPSILON)
#ifndef M_PI
#define M_PI 3.14159265358979323846
#define M_PI_2 1.57079632679489661923
#define M_2_PI 0.63661977236758134308 // 2/pi
#endif
void _matrix_get_scale(const glm::mat3x2* matrix, float* sx, float* sy) {
	auto c0 = (*matrix)[0];
	auto c1 = (*matrix)[1];
	auto c2 = (*matrix)[2];
	*sx = sqrt(c0.x * c0.x + c1.x * c1.x);
	/*if (matrix->xx < 0)
	 *sx = -*sx;*/
	*sy = sqrt(c0.y * c0.y + c1.y * c1.y);
	/*if (matrix->yy < 0)
	 *sy = -*sy;*/
}

void o_finish_path(ovg_path_t* ctx) {
	if (!ctx)return;
	do {
		if (ctx->pathes.empty())
			ctx->pathes.push_back(0);
		if (ctx->pathes[ctx->pathPtr] == 0) // empty
			break;
		if ((ctx->pathes[ctx->pathPtr] & PATH_ELT_MASK) < 2) {
			// only current pos is in path
			auto pointCount = ctx->points.size();
			pointCount -= ctx->pathes[ctx->pathPtr]; // what about the bounds?
			ctx->points.resize(pointCount);
			ctx->pathes[ctx->pathPtr] = 0;
			ctx->segmentPtr = 0;
			break;
		}

		if (ctx->pathPtr == 0 && ctx->simpleConvex)
			ctx->pathes[0] |= PATH_IS_CONVEX_BIT;

		if (ctx->segmentPtr > 0) { // pathes having curves are segmented
			ctx->pathes[ctx->pathPtr] |= PATH_HAS_CURVES_BIT;
			// curved segment increment segmentPtr on curve end,
			// so if last segment is not a curve and point count > 0
			if ((ctx->pathes[ctx->pathPtr + ctx->segmentPtr] & PATH_HAS_CURVES_BIT) == 0 &&
				(ctx->pathes[ctx->pathPtr + ctx->segmentPtr] & PATH_ELT_MASK) > 0)
				ctx->segmentPtr++; // current segment has to be included
			ctx->pathPtr += ctx->segmentPtr;
		}
		else
			ctx->pathPtr++;

		if (ctx->pathes.size() <= ctx->pathPtr)
			ctx->pathes.resize(ctx->pathPtr + 1);

		ctx->pathes[ctx->pathPtr] = 0;
		ctx->segmentPtr = 0;
		ctx->subpathCount++;
		ctx->simpleConvex = false;
	} while (0);

}
void o_remove_last_point(ovg_path_t* ctx) {
	ctx->points.pop_back();
	ctx->pathes[ctx->pathPtr]--;
	if (ctx->segmentPtr > 0) {                            // if path is segmented
		if (!ctx->pathes[ctx->pathPtr + ctx->segmentPtr]) // if current segment is empty
			ctx->segmentPtr--;
		ctx->pathes[ctx->pathPtr + ctx->segmentPtr]--;                          // decrement last segment point count
		if ((ctx->pathes[ctx->pathPtr + ctx->segmentPtr] & PATH_ELT_MASK) == 0) // if no point left (was only one)
			ctx->pathes[ctx->pathPtr + ctx->segmentPtr] = 0;                    // reset current segment
		else if (ctx->pathes[ctx->pathPtr + ctx->segmentPtr] & PATH_HAS_CURVES_BIT) // if segment is a curve
			ctx->segmentPtr++; // then segPtr has to be forwarded to new segment
	}
	if (ctx->pathes.size() < ctx->segmentPtr + ctx->pathPtr)
		ctx->pathes.resize(ctx->segmentPtr + ctx->pathPtr + 1);
}
// test equality of two single precision vectors
inline bool vec2_equ(const glm::vec2& a, const glm::vec2& b) { return (EQUF(a.x, b.x) & EQUF(a.y, b.y)); }
inline glm::vec2 vec2_line_norm(glm::vec2 a, glm::vec2 b) {
	glm::vec2  d = { b.x - a.x, b.y - a.y };
	float md = sqrtf(d.x * d.x + d.y * d.y);
	d.x /= md;
	d.y /= md;
	return d;
}
// compute sum of two single precision vectors
inline glm::vec2 vec2_add(glm::vec2 a, glm::vec2 b) { return glm::vec2{ a.x + b.x, a.y + b.y }; }
// compute subbstraction of two single precision vectors
inline glm::vec2 vec2_sub(glm::vec2 a, glm::vec2 b) { return glm::vec2{ a.x - b.x, a.y - b.y }; }
// multiply 2d vector by scalar
inline glm::vec2 vec2_mult_s(glm::vec2 a, float m) { return glm::vec2{ a.x * m, a.y * m }; }
// devide 2d vector by scalar
inline glm::vec2 vec2_div_s(glm::vec2 a, float m) { return glm::vec2{ a.x / m, a.y / m }; }
// normalize float vector
inline glm::vec2 vec2_norm(glm::vec2 a) {
	float m = sqrtf(a.x * a.x + a.y * a.y);
	return glm::vec2{ a.x / m, a.y / m };
}
inline glm::vec2 vec2_perp(glm::vec2 a) { return glm::vec2{ a.y, -a.x }; }



bool o_path_has_curves(uint32_t* pathes, uint32_t ptrPath) { return   pathes[ptrPath] & PATH_HAS_CURVES_BIT; }

void _ovg_path_extents(ovg_path_t* ctx, bool transformed, float* x1, float* y1, float* x2, float* y2) {
	uint32_t ptrPath = 0;
	uint32_t firstPtIdx = 0;

	float xMin = FLT_MAX, yMin = FLT_MAX;
	float xMax = FLT_MIN, yMax = FLT_MIN;

	while (ptrPath < ctx->pathPtr) {
		uint32_t pathPointCount = ctx->pathes[ptrPath] & PATH_ELT_MASK;

		for (uint32_t i = firstPtIdx; i < firstPtIdx + pathPointCount; i++) {
			glm::vec2 p = ctx->points[i];
			//if (transformed)
			//	vkvg_matrix_transform_point(&ctx->pushConsts.mat, &p.x, &p.y);
			if (p.x < xMin)
				xMin = p.x;
			if (p.x > xMax)
				xMax = p.x;
			if (p.y < yMin)
				yMin = p.y;
			if (p.y > yMax)
				yMax = p.y;
		}

		firstPtIdx += pathPointCount;
		if (o_path_has_curves(ctx->pathes.data(), ptrPath)) {
			// skip segments lengths used in stroke
			ptrPath++;
			uint32_t totPts = 0;
			while (totPts < pathPointCount)
				totPts += (ctx->pathes[ptrPath++] & PATH_ELT_MASK);
		}
		else
			ptrPath++;
	}
	*x1 = xMin;
	*x2 = xMax;
	*y1 = yMin;
	*y2 = yMax;
}
bool _current_path_is_empty(ovg_path_t* ctx) {
	return ctx && (ctx->pathes.empty() || ctx->pathes[ctx->pathPtr] == 0);
}
// this function expect that current point exists
glm::vec2 _get_current_position(ovg_path_t* ctx) {
	return ctx->points.empty() ? glm::vec2() : ctx->points.back();
}

glm::vec2 _get_current_point(ovg_path_t* ctx) {
	glm::vec2 cp = {};
	if (_current_path_is_empty(ctx)) {
	}
	else
	{
		cp = _get_current_position(ctx);
	}
	return cp;
}

void _set_curve_start(ovg_path_t* ctx) {
	if (ctx->segmentPtr > 0) {
		// check if current segment has points (straight)
		if ((ctx->pathes[ctx->pathPtr + ctx->segmentPtr] & PATH_ELT_MASK) > 0)
			ctx->segmentPtr++;
	}
	else {
		// not yet segmented path, first segment length is copied
		if (ctx->pathes[ctx->pathPtr] > 0) { // create first straight segment first
			ctx->pathes.push_back(ctx->pathes[ctx->pathPtr]);
			ctx->segmentPtr = 2;
		}
		else
			ctx->segmentPtr = 1;
	}
	//_check_pathes_array(ctx);
	if (ctx->pathes.size() <= ctx->pathPtr + ctx->segmentPtr)
		ctx->pathes.resize(ctx->pathPtr + ctx->segmentPtr + 1);
	ctx->pathes[ctx->pathPtr + ctx->segmentPtr] = 0;
}
void _set_curve_end(ovg_path_t* ctx) {
	ctx->pathes[ctx->pathPtr + ctx->segmentPtr] |= PATH_HAS_CURVES_BIT;
	ctx->segmentPtr++;
	ctx->pathes.push_back(0);
}
bool _path_is_closed(ovg_path_t* ctx, uint32_t ptrPath) { return ctx->pathes[ptrPath] & PATH_CLOSED_BIT; }
void _add_point(ovg_path_t* ctx, float x, float y) {
	if (isnan(x) || isnan(y)) {
		return;
	}
	glm::vec2 v = { x, y };
	ctx->points.push_back(v);
	if (ctx->pathes.size() <= ctx->pathPtr + ctx->segmentPtr)
		ctx->pathes.resize(ctx->pathPtr + ctx->segmentPtr + 1);
	ctx->pathes[ctx->pathPtr]++; // total point count in path
	if (ctx->segmentPtr > 0)
		ctx->pathes[ctx->pathPtr + ctx->segmentPtr]++; // total point count in path's segment
}

void _line_to(ovg_path_t* ctx, float x, float y) {
	glm::vec2 p = { x, y };
	if (!_current_path_is_empty(ctx)) {
		// prevent adding the same point
		if (vec2_equ(_get_current_position(ctx), p))
			return;
	}
	_add_point(ctx, x, y);
	ctx->simpleConvex = false;
}

float _get_arc_step(ovg_path_t* ctx, float radius) {
	float sx = 1.0, sy = 1.0;
	if (ctx->t)
		_matrix_get_scale(&ctx->t->pushConsts.mat, &sx, &sy);
	float r = radius * fabsf(fmaxf(sx, sy));
	if (r < 30.0f)
		return fminf(M_PI / 3.f, M_PI / r);
	return fminf(M_PI / 3.f, M_PI / (r * 0.4f));
}

void ovg_move_to(ovg_path_t* path, float x, float y);
void ovg_line_to(ovg_path_t* path, float x, float y);
void ovg_quadratic_to(ovg_path_t* path, float x1, float y1, float x2, float y2);
void ovg_curve_to(ovg_path_t* path, float x1, float y1, float x2, float y2, float x3, float y3);
void ovg_elliptic_arc_to(ovg_path_t* path, float x, float y, bool large_arc_flag, bool sweep_flag, float rx, float ry, float phi);

#define M_APPROXIMATION_SCALE         1.0
#define M_ANGLE_TOLERANCE             0.01
#define M_CUSP_LIMIT                  0.01
#define CURVE_RECURSION_LIMIT         100
#define CURVE_COLLINEARITY_EPSILON    1.7
#define CURVE_ANGLE_TOLERANCE_EPSILON 0.001
// no floating point arithmetic operation allowed in macro.
#pragma warning(disable : 4127)
void _recursive_bezier(ovg_path_t* ctx, float distanceTolerance, float x1, float y1, float x2, float y2, float x3,
	float y3, float x4, float y4, unsigned level) {
	if (level > CURVE_RECURSION_LIMIT) {
		return;
	}

	// Calculate all the mid-points of the line segments
	//----------------------
	float x12 = (x1 + x2) / 2;
	float y12 = (y1 + y2) / 2;
	float x23 = (x2 + x3) / 2;
	float y23 = (y2 + y3) / 2;
	float x34 = (x3 + x4) / 2;
	float y34 = (y3 + y4) / 2;
	float x123 = (x12 + x23) / 2;
	float y123 = (y12 + y23) / 2;
	float x234 = (x23 + x34) / 2;
	float y234 = (y23 + y34) / 2;
	float x1234 = (x123 + x234) / 2;
	float y1234 = (y123 + y234) / 2;

	if (level > 0) // Enforce subdivision first time
	{
		// Try to approximate the full cubic curve by a single straight line
		//------------------
		float dx = x4 - x1;
		float dy = y4 - y1;

		float d2 = fabsf(((x2 - x4) * dy - (y2 - y4) * dx));
		float d3 = fabsf(((x3 - x4) * dy - (y3 - y4) * dx));

		float da1, da2;

		if (d2 > CURVE_COLLINEARITY_EPSILON && d3 > CURVE_COLLINEARITY_EPSILON) {
			// Regular care
			//-----------------
			if ((d2 + d3) * (d2 + d3) <= (dx * dx + dy * dy) * distanceTolerance) {
				// If the curvature doesn't exceed the distance_tolerance value
				// we tend to finish subdivisions.
				//----------------------
				if (M_ANGLE_TOLERANCE < CURVE_ANGLE_TOLERANCE_EPSILON) {
					_add_point(ctx, x1234, y1234);
					return;
				}

				// Angle & Cusp Condition
				//----------------------
				float a23 = atan2f(y3 - y2, x3 - x2);
				da1 = fabsf(a23 - atan2f(y2 - y1, x2 - x1));
				da2 = fabsf(atan2f(y4 - y3, x4 - x3) - a23);
				if (da1 >= M_PI)
					da1 = M_2_PI - da1;
				if (da2 >= M_PI)
					da2 = M_2_PI - da2;

				if (da1 + da2 < (float)M_ANGLE_TOLERANCE) {
					// Finally we can stop the recursion
					//----------------------
					_add_point(ctx, x1234, y1234);
					return;
				}

				if (M_CUSP_LIMIT != 0.0) {
					if (da1 > M_CUSP_LIMIT) {
						_add_point(ctx, x2, y2);
						return;
					}

					if (da2 > M_CUSP_LIMIT) {
						_add_point(ctx, x3, y3);
						return;
					}
				}
			}
		}
		else {
			if (d2 > CURVE_COLLINEARITY_EPSILON) {
				// p1,p3,p4 are collinear, p2 is considerable
				//----------------------
				if (d2 * d2 <= distanceTolerance * (dx * dx + dy * dy)) {
					if (M_ANGLE_TOLERANCE < CURVE_ANGLE_TOLERANCE_EPSILON) {
						_add_point(ctx, x1234, y1234);
						return;
					}

					// Angle Condition
					//----------------------
					da1 = fabsf(atan2f(y3 - y2, x3 - x2) - atan2f(y2 - y1, x2 - x1));
					if (da1 >= M_PI)
						da1 = M_2_PI - da1;

					if (da1 < M_ANGLE_TOLERANCE) {
						_add_point(ctx, x2, y2);
						_add_point(ctx, x3, y3);
						return;
					}

					if (M_CUSP_LIMIT != 0.0) {
						if (da1 > M_CUSP_LIMIT) {
							_add_point(ctx, x2, y2);
							return;
						}
					}
				}
			}
			else if (d3 > CURVE_COLLINEARITY_EPSILON) {
				// p1,p2,p4 are collinear, p3 is considerable
				//----------------------
				if (d3 * d3 <= distanceTolerance * (dx * dx + dy * dy)) {
					if (M_ANGLE_TOLERANCE < CURVE_ANGLE_TOLERANCE_EPSILON) {
						_add_point(ctx, x1234, y1234);
						return;
					}

					// Angle Condition
					//----------------------
					da1 = fabsf(atan2f(y4 - y3, x4 - x3) - atan2f(y3 - y2, x3 - x2));
					if (da1 >= M_PI)
						da1 = M_2_PI - da1;

					if (da1 < M_ANGLE_TOLERANCE) {
						_add_point(ctx, x2, y2);
						_add_point(ctx, x3, y3);
						return;
					}

					if (M_CUSP_LIMIT != 0.0) {
						if (da1 > M_CUSP_LIMIT) {
							_add_point(ctx, x3, y3);
							return;
						}
					}
				}
			}
			else {
				// Collinear case
				//-----------------
				dx = x1234 - (x1 + x4) / 2;
				dy = y1234 - (y1 + y4) / 2;
				if (dx * dx + dy * dy <= distanceTolerance) {
					_add_point(ctx, x1234, y1234);
					return;
				}
			}
		}
	}

	// Continue subdivision
	//----------------------
	_recursive_bezier(ctx, distanceTolerance, x1, y1, x12, y12, x123, y123, x1234, y1234, level + 1);
	_recursive_bezier(ctx, distanceTolerance, x1234, y1234, x234, y234, x34, y34, x4, y4, level + 1);
}

static const glm::vec2 _v2_unit_x = { 1.f, 0 };
static const glm::vec2 _v2_unit_y = { 0, 1.f };
void _elliptic_arc(ovg_path_t* ctx, float x1, float y1, float x2, float y2, bool largeArc, bool counterClockWise, float _rx, float _ry, float phi) {
	if (!ctx)
		return;

	if (_rx == 0 || _ry == 0) {
		if (_current_path_is_empty(ctx))
			ovg_move_to(ctx, x1, y1);
		ovg_line_to(ctx, x2, y2);
		return;
	}
	float rx = fabsf(_rx);
	float ry = fabsf(_ry);

	glm::mat2 m = { {cosf(phi), sinf(phi)}, {-sinf(phi), cosf(phi)} };
	glm::vec2 p = { (x1 - x2) / 2, (y1 - y2) / 2 };
	glm::vec2 p1 = m * p;

	// radii corrections
	double lambda = powf(p1.x, 2) / powf(rx, 2) + powf(p1.y, 2) / powf(ry, 2);
	if (lambda > 1) {
		lambda = sqrtf(lambda);
		rx *= lambda;
		ry *= lambda;
	}

	p = glm::vec2{ rx * p1.y / ry, -ry * p1.x / rx };

	glm::vec2 cp = p * sqrtf(fabsf((powf(rx, 2) * powf(ry, 2) - powf(rx, 2) * powf(p1.y, 2) - powf(ry, 2) * powf(p1.x, 2)) /
		(powf(rx, 2) * powf(p1.y, 2) + powf(ry, 2) * powf(p1.x, 2))));

	if (largeArc == counterClockWise)
		cp = -cp;

	m = glm::mat2({ cosf(phi), -sinf(phi) }, { sinf(phi), cosf(phi) });
	p = glm::vec2((x1 + x2) / 2, (y1 + y2) / 2);
	glm::vec2 c = (m * cp) + p;

	glm::vec2   u = _v2_unit_x;
	glm::vec2   v = { (p1.x - cp.x) / rx, (p1.y - cp.y) / ry };
	double sa = acosf(glm::dot(u, v) / (fabsf(glm::length(v)) * fabsf(glm::length(u))));
	if (isnan((float)sa))
		sa = M_PI;
	if (u.x * v.y - u.y * v.x < 0)
		sa = -sa;

	u = v;
	v = glm::vec2{ (-p1.x - cp.x) / rx, (-p1.y - cp.y) / ry };
	double delta_theta = acosf(glm::dot(u, v) / (fabsf(glm::length(v)) * fabsf(glm::length(u))));
	if (isnan((float)delta_theta))
		delta_theta = M_PI;
	if (u.x * v.y - u.y * v.x < 0)
		delta_theta = -delta_theta;

	if (counterClockWise) {
		if (delta_theta < 0)
			delta_theta += M_PI * 2.0;
	}
	else if (delta_theta > 0)
		delta_theta -= M_PI * 2.0;

	m = glm::mat2{ {cosf(phi), -sinf(phi)}, {sinf(phi), cosf(phi)} };

	double theta = sa;
	double ea = sa + delta_theta;

	float step = fmaxf(0.001f, fminf(M_PI, _get_arc_step(ctx, fminf(rx, ry)) * 0.1f));

	p = glm::vec2{ rx * cosf(theta), ry * sinf(theta) };
	glm::vec2 xy = ((m * p) + c);
	if (_current_path_is_empty(ctx)) {
		_set_curve_start(ctx);
		_add_point(ctx, xy.x, xy.y);
		if (!ctx->pathPtr)
			ctx->simpleConvex = true;
		else
			ctx->simpleConvex = false;
	}
	else {
		ovg_line_to(ctx, xy.x, xy.y);
		_set_curve_start(ctx);
		ctx->simpleConvex = false;
	}

	_set_curve_start(ctx);

	if (sa < ea) {
		theta += step;
		while (theta < ea) {
			p = glm::vec2{ rx * cosf(theta), ry * sinf(theta) };
			xy = ((m * p) + c);
			_add_point(ctx, xy.x, xy.y);
			theta += step;
		}
	}
	else {
		theta -= step;
		while (theta > ea) {
			p = glm::vec2{ rx * cosf(theta), ry * sinf(theta) };
			xy = ((m * p) + c);
			_add_point(ctx, xy.x, xy.y);
			theta -= step;
		}
	}
	p = glm::vec2{ rx * cosf(ea), ry * sinf(ea) };
	xy = ((m * p) + c);
	_add_point(ctx, xy.x, xy.y);
	_set_curve_end(ctx);
}

// todo 接口实现开始

void ovg_clear_path(ovg_path_t* path) {
	if (!path)return;
	path->points.clear();
	path->pathes.clear();
	path->pathes.push_back(0);
	path->pathPtr = 0;
	path->segmentPtr = 0;
	path->subpathCount = 0;
	path->curVertOffset = 0;
	path->simpleConvex = 0;
}

void ovg_close_path(ovg_path_t* path)
{
	auto ctx = path;
	if (!ctx)
		return;
	if (ctx->pathes[ctx->pathPtr] & PATH_CLOSED_BIT) // already closed
		return;
	// check if at least 3 points are present
	if (ctx->pathes[ctx->pathPtr] < 3)
		return;
	auto pointCount = ctx->points.size();
	// prevent closing on the same point
	if (vec2_equ(ctx->points[pointCount - 1], ctx->points[pointCount - ctx->pathes[ctx->pathPtr]])) {
		if (ctx->pathes[ctx->pathPtr] < 4) // ensure enough points left for closing
			return;
		o_remove_last_point(ctx);
	}

	ctx->pathes[ctx->pathPtr] |= PATH_CLOSED_BIT;

	o_finish_path(ctx);
}
void ovg_new_sub_path(ovg_path_t* path)
{
	o_finish_path(path);
}
void ovg_path_extents(ovg_path_t* path, float* x1, float* y1, float* x2, float* y2)
{
	if (!path)return;
	o_finish_path(path);
	if (!path->pathPtr) { // no path
		*x1 = *x2 = *y1 = *y2 = 0;
		return;
	}
	_ovg_path_extents(path, false, x1, y1, x2, y2);
}
void ovg_get_current_point(ovg_path_t* path, float* x, float* y)
{
	auto cp = _get_current_point(path);
	if (x)*x = cp.x;
	if (y)*y = cp.y;
}
size_t ovg_get_segment_count(ovg_path_t* path) {
	return path ? path->pathes.size() : 0;
}
void ovg_set_segment_color(ovg_path_t* path, size_t idx, uint32_t color) {
	if (path)
	{
		if (path->colors.size() < path->pathes.size())
			path->colors.resize(path->pathes.size());
		if (idx < path->colors.size())
			path->colors[idx] = color;
	}
}
// 添加数据到当前路径，参考path_type_e
void ovg_add_path(ovg_path_t* path, float* data, size_t count)
{
	if (!path || !data || !count)return;
	auto d = data;
	for (; d - data < count;) {
		auto t = (path_type_et)*d;
		float x = d[1], y = d[2];
		d += 3;
		switch (t) {
		case path_type_et::e_vmove:
			ovg_move_to(path, x, y);
			break;
		case path_type_et::e_vline:
			ovg_line_to(path, x, y);
			break;
		case path_type_et::e_vcurve:
		{
			ovg_quadratic_to(path, x, y, d[0], d[1]);
			d += 2;
		}
		break;
		case path_type_et::e_vcubic:
		{
			ovg_curve_to(path, x, y, d[0], d[1], d[2], d[3]);
			d += 4;
		}
		break;
		}
	}
}
// todo path copy
void ovg_add_path0(ovg_path_t* path, ovg_path_t* src)
{
	if (!path || !src)return;
	if (_current_path_is_empty(src))return;

}
void ovg_move_to(ovg_path_t* path, float x, float y)
{
	if (!path)
		return;
	o_finish_path(path);
	_add_point(path, x, y);

}
void ovg_rel_move_to(ovg_path_t* path, float x, float y)
{
	if (!path)return;
	if (_current_path_is_empty(path))
		_add_point(path, 0, 0);
	auto cp = _get_current_position(path);
	o_finish_path(path);
	_add_point(path, cp.x + x, cp.y + y);
}
void ovg_line_to(ovg_path_t* path, float x, float y)
{
	if (!path)
		return;
	_line_to(path, x, y);
}
void ovg_rel_line_to(ovg_path_t* path, float dx, float dy)
{
	if (!path)
		return;
	auto cp = _get_current_position(path);
	_line_to(path, cp.x + dx, cp.y + dy);
}
void ovg_arc(ovg_path_t* path, float xc, float yc, float radius, float a1, float a2)
{
	if (!path)
		return;
	while (a2 < a1) // positive arc must have a1<a2
		a2 += 2.f * M_PI;
	if (a2 - a1 > 2.f * M_PI) // limit arc to 2PI
		a2 = a1 + 2.f * M_PI;
	glm::vec2 v = { cosf(a1) * radius + xc, sinf(a1) * radius + yc };
	float step = _get_arc_step(path, radius);
	float a = a1;
	if (_current_path_is_empty(path)) {
		_set_curve_start(path);
		_add_point(path, v.x, v.y);
		if (!path->pathPtr)
			path->simpleConvex = true;
		else
			path->simpleConvex = false;
	}
	else {
		_line_to(path, v.x, v.y);
		_set_curve_start(path);
		path->simpleConvex = false;
	}
	a += step;
	if (EQUF(a2, a1))
		return;
	while (a < a2) {
		v.x = cosf(a) * radius + xc;
		v.y = sinf(a) * radius + yc;
		_add_point(path, v.x, v.y);
		a += step;
	}
	if (EQUF(a2 - a1, M_PI * 2.f)) { // if arc is complete circle, last point is the same as the first one
		_set_curve_end(path);
		ovg_close_path(path);
		return;
	}
	a = a2;
	// vec2 lastP = v;
	v.x = cosf(a) * radius + xc;
	v.y = sinf(a) * radius + yc;
	// if (!vec2_equ (v,lastP))//this test should not be required
	_add_point(path, v.x, v.y);
	_set_curve_end(path);
}
void ovg_arc_negative(ovg_path_t* path, float xc, float yc, float radius, float a1, float a2)
{
	if (!path)
		return;
	auto ctx = path;

	while (a2 > a1)
		a2 -= 2.f * M_PI;
	if (a1 - a2 > a1 + 2.f * M_PI) // limit arc to 2PI
		a2 = a1 - 2.f * M_PI;

	glm::vec2 v = { cosf(a1) * radius + xc, sinf(a1) * radius + yc };

	float step = _get_arc_step(ctx, radius);
	float a = a1;

	if (_current_path_is_empty(ctx)) {
		_set_curve_start(ctx);
		_add_point(ctx, v.x, v.y);
		if (!ctx->pathPtr)
			ctx->simpleConvex = true;
		else
			ctx->simpleConvex = false;
	}
	else {
		_line_to(ctx, v.x, v.y);
		_set_curve_start(ctx);
		ctx->simpleConvex = false;
	}

	a -= step;

	if (EQUF(a2, a1))
		return;

	while (a > a2) {
		v.x = cosf(a) * radius + xc;
		v.y = sinf(a) * radius + yc;
		_add_point(ctx, v.x, v.y);
		a -= step;
	}

	if (EQUF(a1 - a2, M_PI * 2.f)) { // if arc is complete circle, last point is the same as the first one
		_set_curve_end(ctx);
		ovg_close_path(ctx);
		return;
	}

	a = a2;
	// vec2 lastP = v;
	v.x = cosf(a) * radius + xc;
	v.y = sinf(a) * radius + yc;
	// if (!vec2_equ (v,lastP))
	_add_point(ctx, v.x, v.y);
	_set_curve_end(ctx);
}
void ovg_curve_to(ovg_path_t* path, float x1, float y1, float x2, float y2, float x3, float y3)
{
	if (EQUF(x1, x2) && EQUF(x2, x3) && EQUF(y1, y2) && EQUF(y2, y3)) {
		auto cp = _get_current_position(path);
		if (_current_path_is_empty(path) || (EQUF(cp.x, x1) && EQUF(cp.y, y1)))
			return;
	}

	path->simpleConvex = false;
	_set_curve_start(path);
	if (_current_path_is_empty(path))
		_add_point(path, x1, y1);

	glm::vec2 cp = _get_current_position(path);
	float sx = 1, sy = 1;
	//vkvg_matrix_get_scale(&ctx->pushConsts.mat, &sx, &sy);
	float distanceTolerance = fabs(0.25f / fmaxf(sx, sy));
	_recursive_bezier(path, distanceTolerance, cp.x, cp.y, x1, y1, x2, y2, x3, y3, 0);
	_add_point(path, x3, y3);
	_set_curve_end(path);
}
void ovg_rel_curve_to(ovg_path_t* path, float x1, float y1, float x2, float y2, float x3, float y3)
{
	glm::vec2 cp = _get_current_position(path);
	ovg_curve_to(path, cp.x + x1, cp.y + y1, cp.x + x2, cp.y + y2, cp.x + x3, cp.y + y3);
}
const double quadraticFact = 2.0 / 3.0;
void ovg_quadratic_to(ovg_path_t* path, float x1, float y1, float x2, float y2)
{
	float x0, y0;
	if (_current_path_is_empty(path)) {
		x0 = x1;
		y0 = y1;
	}
	else
	{
		glm::vec2 cp = _get_current_position(path);
		x0 = cp.x; y0 = cp.y;
	}
	ovg_curve_to(path, x0 + (x1 - x0) * quadraticFact, y0 + (y1 - y0) * quadraticFact, x2 + (x1 - x2) * quadraticFact,
		y2 + (y1 - y2) * quadraticFact, x2, y2);
}
void ovg_rel_quadratic_to(ovg_path_t* path, float x1, float y1, float x2, float y2)
{
	glm::vec2 cp = _get_current_position(path);
	ovg_quadratic_to(path, cp.x + x1, cp.y + y1, cp.x + x2, cp.y + y2);
}
void ovg_rectangle(ovg_path_t* path, float x, float y, float w, float h)
{
	if (!path)
		return;
	o_finish_path(path);
	if (w <= 0 || h <= 0)
		return;
	_add_point(path, x, y);
	_add_point(path, x + w, y);
	_add_point(path, x + w, y + h);
	_add_point(path, x, y + h);
	assert(path->pathPtr < path->pathes.size());
	path->pathes[path->pathPtr] |= (PATH_CLOSED_BIT | PATH_IS_CONVEX_BIT);
	o_finish_path(path);
}
void ovg_rounded_rectangle(ovg_path_t* path, float x, float y, float w, float h, float radius)
{
	if (!path)
		return;
	if (w <= 0 || h <= 0)
		return;
	o_finish_path(path);
	if ((radius > w / 2.0f) || (radius > h / 2.0f))
		radius = fmin(w / 2.0f, h / 2.0f);
	ovg_move_to(path, x, y + radius);
	ovg_arc(path, x + radius, y + radius, radius, M_PI, -M_PI_2);
	ovg_line_to(path, x + w - radius, y);
	ovg_arc(path, x + w - radius, y + radius, radius, -M_PI_2, 0);
	ovg_line_to(path, x + w, y + h - radius);
	ovg_arc(path, x + w - radius, y + h - radius, radius, 0, M_PI_2);
	ovg_line_to(path, x + radius, y + h);
	ovg_arc(path, x + radius, y + h - radius, radius, M_PI_2, M_PI);
	ovg_line_to(path, x, y + radius);
	ovg_close_path(path);
	o_finish_path(path);
}
void ovg_rounded_rectangle2(ovg_path_t* path, float x, float y, float w, float h, float rx, float ry)
{
	if (!path)
		return;
	ovg_move_to(path, x + rx, y);
	ovg_line_to(path, x + w - rx, y);
	ovg_elliptic_arc_to(path, x + w, y + ry, false, true, rx, ry, 0);

	ovg_line_to(path, x + w, y + h - ry);
	ovg_elliptic_arc_to(path, x + w - rx, y + h, false, true, rx, ry, 0);

	ovg_line_to(path, x + rx, y + h);
	ovg_elliptic_arc_to(path, x, y + h - ry, false, true, rx, ry, 0);

	ovg_line_to(path, x, y + ry);
	ovg_elliptic_arc_to(path, x + rx, y, false, true, rx, ry, 0);

	ovg_close_path(path);
}
void ovg_ellipse(ovg_path_t* path, float radiusX, float radiusY, float x, float y, float rotationAngle)
{
	if (!path)
		return;
	float width_two_thirds = radiusX * 4 / 3;

	float dx1 = sinf(rotationAngle) * radiusY;
	float dy1 = cosf(rotationAngle) * radiusY;
	float dx2 = cosf(rotationAngle) * width_two_thirds;
	float dy2 = sinf(rotationAngle) * width_two_thirds;

	float topCenterX = x - dx1;
	float topCenterY = y + dy1;
	float topRightX = topCenterX + dx2;
	float topRightY = topCenterY + dy2;
	float topLeftX = topCenterX - dx2;
	float topLeftY = topCenterY - dy2;

	float bottomCenterX = x + dx1;
	float bottomCenterY = y - dy1;
	float bottomRightX = bottomCenterX + dx2;
	float bottomRightY = bottomCenterY + dy2;
	float bottomLeftX = bottomCenterX - dx2;
	float bottomLeftY = bottomCenterY - dy2;

	o_finish_path(path);
	_add_point(path, bottomCenterX, bottomCenterY);

	ovg_curve_to(path, bottomRightX, bottomRightY, topRightX, topRightY, topCenterX, topCenterY);
	ovg_curve_to(path, topLeftX, topLeftY, bottomLeftX, bottomLeftY, bottomCenterX, bottomCenterY);

	path->pathes[path->pathPtr] |= PATH_CLOSED_BIT;
	o_finish_path(path);
}
void ovg_elliptic_arc_to(ovg_path_t* path, float x, float y, bool large_arc_flag, bool sweep_flag, float rx, float ry, float phi)
{
	if (!path)
		return;
	float x1, y1;
	auto cp = _get_current_point(path);
	_elliptic_arc(path, x1, y1, x, y, large_arc_flag, sweep_flag, rx, ry, phi);
}
void ovg_rel_elliptic_arc_to(ovg_path_t* path, float x, float y, bool large_arc_flag, bool sweep_flag, float rx, float ry, float phi)
{
	if (!path)
		return;
	auto cp = _get_current_point(path);
	_elliptic_arc(path, cp.x, cp.y, x + cp.x, y + cp.y, large_arc_flag, sweep_flag, rx, ry, phi);
}
void ovg_circle(ovg_path_t* path, float x, float y, float radius) {
	ovg_arc(path, x, y, radius, 0, 2.0 * glm::pi<float>());
}

#ifdef CreateRgbaf
#undef CreateRgbaf
#endif
#define CreateRgbaf(r, g, b, a)                                                                                        \
    (((int)(a * 255.0f) << 24) | ((int)(b * 255.0f) << 16) | ((int)(g * 255.0f) << 8) | (int)(r * 255.0f))



struct ss_act :public  vg_state_save_t {
	usp_ac_cx* ac = 0;
};

struct pat_act :public  vg_pattern_t {
	vg_gradient_t g = {};
	usp_ac_cx* ac = 0;
};

vg_pattern_t* ovg_pattern_create_for_surface(usp_ac_cx* ac, void* surf) {
	if (!surf || !ac) {
		return 0;
	}
	pat_act* pat = (pat_act*)ac->new_obj<pat_act>();
	if (!pat) {
		return 0;
	}
	pat->ac = ac;
	pat->type = vg_pattern_type_t::VG_PATTERN_TYPE_SURFACE;
	pat->extend = vg_extend_t::VG_EXTEND_NONE;
	pat->data = surf;
	pat->references = 1;

	return pat;
}
// todo vg_state_save_t
void ovg_set_opacity(vg_state_save_t* ctx, float opacity) {
	if (ctx)ctx->pushConsts.opacity = opacity;
}
void ovg_set_source_color(vg_state_save_t* ctx, uint32_t c) {
	if (ctx)ctx->color = c;
}
void ovg_set_source_rgba(vg_state_save_t* ctx, float r, float g, float b, float a) {
	if (ctx)ctx->color = CreateRgbaf(r, g, b, a); ctx->pattern = 0;
}
void ovg_set_source_rgb(vg_state_save_t* ctx, float r, float g, float b) {
	ovg_set_source_rgba(ctx, r, g, b, 1.0f);
}
void ovg_set_line_width(vg_state_save_t* ctx, float width) {
	if (ctx)ctx->lineWidth = width;
}
void ovg_set_miter_limit(vg_state_save_t* ctx, float limit) {
	if (ctx)ctx->miterLimit = limit;
}
void ovg_set_line_cap(vg_state_save_t* ctx, int cap) {
	if (ctx)ctx->lineCap = cap;
}
void ovg_set_line_join(vg_state_save_t* ctx, int join) {
	if (ctx)ctx->lineJoin = join;
}
void ovg_set_source_surface(vg_state_save_t* ctx, vg_surface_t* surf, float x, float y) {
	auto p = (ss_act*)ctx;
	p->pushConsts.source.x = x;
	p->pushConsts.source.y = y;
	auto pat = ovg_pattern_create_for_surface(p->ac, surf);
	p->pattern = pat;
}
void ovg_set_source(vg_state_save_t* ctx, vg_pattern_t* pat) {
	if (ctx)ctx->pattern = pat;
}
void ovg_set_operator(vg_state_save_t* ctx, int op) {
	if (ctx)ctx->curOperator = op;
}
void ovg_set_fill_rule(vg_state_save_t* ctx, int fr) {
	if (ctx)ctx->curFillRule = fr;
}
void ovg_set_dash(vg_state_save_t* ctx, const float* dashes, uint32_t num_dashes, float offset) {
	if (!ctx)return;
	auto t = (ss_act*)ctx;
	if (!dashes || !num_dashes) {
		t->dashCount = 0;
	}
	if (t->dashes && t->dashCount != num_dashes)
	{
		t->ac->free_mem(t->dashes, t->dashCount);
		t->dashes = (float*)t->ac->allocate(sizeof(float) * num_dashes);
	}
	t->dashOffset = offset;
	if (t->dashes)
		memcpy(t->dashes, dashes, sizeof(float) * t->dashCount);
	else
		t->dashCount = 0;
}
void ovg_set_dash8(vg_state_save_t* ctx, uint64_t dashes0, uint32_t num_dashes, float offset) {

	float dashes[64] = {};
	uint64_t x = 1;
	auto t = dashes;
	auto v8 = (uint8_t*)&dashes0;
	if (num_dashes > 64)num_dashes = 64;
	{
		if (num_dashes > 8)num_dashes = 8;
		for (size_t i = 0; i < num_dashes; i++)
		{
			*t = v8[i]; t++;
		}
		if (num_dashes > 0)
			ovg_set_dash(ctx, dashes, num_dashes, offset);
	}
}
void ovg_translate(vg_state_save_t* ctx, float dx, float dy) {
	if (!ctx)return;
	auto m = glm::translate(glm::mat3x3(1.0), glm::vec2(dx, dy));
	glm::mat3x3 inv = ctx->pushConsts.mat;
	ctx->pushConsts.mat = inv * m; inv = ctx->pushConsts.mat;
	ctx->pushConsts.matInv = glm::inverse(inv);
}
void ovg_scale(vg_state_save_t* ctx, float sx, float sy) {
	if (!ctx)return;
	auto m = glm::scale(glm::mat3x3(1.0), glm::vec2(sx, sy));
	glm::mat3x3 inv = ctx->pushConsts.mat;
	ctx->pushConsts.mat = inv * m; inv = ctx->pushConsts.mat;
	ctx->pushConsts.matInv = glm::inverse(inv);
}
void ovg_rotate(vg_state_save_t* ctx, float radians) {
	if (!ctx)return;
	auto m = glm::rotate(glm::mat3x3(1.0), radians);
	glm::mat3x3 inv = ctx->pushConsts.mat;
	ctx->pushConsts.mat = inv * m; inv = ctx->pushConsts.mat;
	ctx->pushConsts.matInv = glm::inverse(inv);
}
void ovg_transform(vg_state_save_t* ctx, const void* matrix) {
	auto m = (glm::mat3x2*)matrix;
	if (!ctx || !m)return;
	glm::mat3x3 inv = ctx->pushConsts.mat;
	glm::mat3x3 m0 = *m;
	ctx->pushConsts.mat = inv * m0; inv = ctx->pushConsts.mat;
	ctx->pushConsts.matInv = glm::inverse(inv);
}
void ovg_set_matrix(vg_state_save_t* ctx, const void* matrix) {
	auto m = (glm::mat3x2*)matrix;
	if (!ctx || !m)return;
	ctx->pushConsts.mat = *m;
	glm::mat3x3 inv = *m;
	ctx->pushConsts.matInv = glm::inverse(inv);
}
void ovg_get_matrix(vg_state_save_t* ctx, void* matrix) {
	auto m = (glm::mat3x2*)matrix;
	if (!ctx || !m)return;
	*m = ctx->pushConsts.mat;
}
void ovg_identity_matrix(vg_state_save_t* ctx) {
	if (!ctx)return;
	ctx->pushConsts.mat = glm::mat3x2(1.0);
	glm::mat3x3 inv = ctx->pushConsts.mat;
	ctx->pushConsts.matInv = glm::inverse(inv);
}

int  ovg_pattern_add_color_stop(vg_pattern_t* pat, float o, float r, float g, float b, float a) {
	if (pat->type == vg_pattern_type_t::VG_PATTERN_TYPE_SURFACE || pat->type == vg_pattern_type_t::VG_PATTERN_TYPE_SOLID)
		return -1;
	vg_gradient_t* grad = (vg_gradient_t*)pat->data;
	if (grad->count < MAX_STOPS)
	{
		glm::vec4 c = { r, g, b, a };
		grad->colors[grad->count] = c;
#ifndef NOT_VG_ENABLE_VK_SCALAR_BLOCK_LAYOUT
		grad->stops[grad->count] = o;
#else
		grad->stops[grad->count].r = o;
#endif
		grad->count++;
	}
}
int  ovg_pattern_set_color_stop(vg_pattern_t* pat, int idx, float o, float r, float g, float b, float a) {
	if (!pat)return -1;
	if (pat->type == vg_pattern_type_t::VG_PATTERN_TYPE_SURFACE || pat->type == vg_pattern_type_t::VG_PATTERN_TYPE_SOLID)
		return -2;
	vg_gradient_t* grad = (vg_gradient_t*)pat->data;
	if (idx < 0 || idx >= MAX_STOPS)return -3;
	if (idx >= grad->count)
		grad->count = idx + 1;
	glm::vec4 c = { r, g, b, a };
	grad->colors[idx] = c;
	grad->stops[idx] = o;
	return 0;
}
void ovg_pattern_set_matrix(vg_pattern_t* pat, const void* matrix) {
	if (!pat || !matrix)return;
	pat->matrix = *((glm::mat3x2*)matrix);
	pat->hasMatrix = true;
}
void ovg_pattern_get_matrix(vg_pattern_t* pat, void* matrix) {
	if (!pat || !matrix)
		return;
	*((glm::mat3x2*)matrix) = (pat->hasMatrix) ? pat->matrix : glm::mat3x2(1.0);
}
void ovg_pattern_set_extend(vg_pattern_t* pat, int extend) {
	if (pat)pat->extend = (vg_extend_t)extend;
}
void ovg_pattern_set_filter(vg_pattern_t* pat, int filter) {
	if (pat)pat->filter = (vg_filter_t)filter;
}
void ovg_pattern_destroy(vg_pattern_t* pat) {
	if (pat) {
		auto p = (pat_act*)pat;
		if (p->ac) {
			p->ac->free_obj(p);
		}
	}
}

int _vg_pattern_edit_linear(vg_pattern_t* pat, float x0, float y0, float x1, float y1) {
	if (!pat)
		return -2;
	if (pat->type != vg_pattern_type_t::VG_PATTERN_TYPE_LINEAR)
		return -1;
	vg_gradient_t* grad = (vg_gradient_t*)pat->data;
	*grad = {};
	grad->cp[0] = glm::vec4{ {x0}, {y0}, {x1}, {y1} };
	grad->m = glm::ivec4(1024, 0, 0, 1024);
	grad->extend = pat->extend;
	grad->scale = glm::vec2{ 1.0,1.0 };
	return 0;
}
// 自定义分配
vg_pattern_t* ovg_new_pattern_linear(mem_resource_t* ac0, float x0, float y0, float x1, float y1) {
	auto ac = (usp_ac_cx*)ac0;
	if (!ac) {
		return 0;
	}
	pat_act* pat = (pat_act*)ac->new_obj<pat_act>();
	if (!pat) {
		return 0;
	}
	pat->ac = ac;
	pat->type = vg_pattern_type_t::VG_PATTERN_TYPE_LINEAR;
	pat->extend = vg_extend_t::VG_EXTEND_NONE;
	pat->data = &pat->g;
	_vg_pattern_edit_linear(pat, x0, y0, x1, y1);
	pat->references = 1;
}
int vg_pattern_edit_radial(pat_act* pat, float cx0, float cy0, float radius0, float cx1, float cy1, float radius1, bool is_ellipse) {
	if (!(pat))
		return -2;
	if (pat->type != vg_pattern_type_t::VG_PATTERN_TYPE_RADIAL)
		return -1;
	vg_gradient_t* grad = (vg_gradient_t*)pat->data;
	*grad = {};
	glm::vec2 c0 = { cx0, cy0 };
	glm::vec2 c1 = { cx1, cy1 };
	if (radius0 > radius1 - 1.0f)
		radius0 = radius1 - 1.0f;
	glm::vec2  u = (c0 - c1);
	float l = glm::length(u);
	if (l + radius0 + 1.0f >= radius1) {
		glm::vec2 v = (u / l);
		c0 = (c1 + (v * (radius1 - radius0 - 1.0f)));
	}
	grad->cp[0] = glm::vec4{ {c0.x}, {c0.y}, {radius0}, {0} };
	grad->cp[1] = glm::vec4{ {c1.x}, {c1.y}, {radius1}, {0} };
	grad->m = glm::ivec4(1024, 0, 0, 1024);
	grad->extend = pat->extend;
	grad->scale = glm::vec2{ 1.0,1.0 };
	if (is_ellipse)grad->scale.x *= 2;
	return 0;
}
int vg_pattern_edit_sweep(pat_act* pat, float cx, float cy, float start_angle, float end_angle) {
	if (!(pat))
		return -1;
	if (pat->type != vg_pattern_type_t::VG_PATTERN_TYPE_SWEEP)
		return -2;
	vg_gradient_t* grad = (vg_gradient_t*)pat->data;
	*grad = {};
	grad->cp[0] = glm::vec4{ cx, cy, start_angle, end_angle };
	grad->m = glm::ivec4(1024, 0, 0, 1024);
	grad->extend = pat->extend;
	grad->scale = glm::vec2{ 1.0,1.0 };
	return 0;
}
vg_pattern_t* ovg_new_pattern_radial(mem_resource_t* ac0, float cx0, float cy0, float radius0, float cx1, float cy1, float radius1, bool is_ellipse) {
	auto ac = (usp_ac_cx*)ac0;
	if (!ac) {
		return 0;
	}
	pat_act* pat = (pat_act*)ac->new_obj<pat_act>();
	if (!pat) {
		return 0;
	}
	pat->ac = ac;
	pat->type = vg_pattern_type_t::VG_PATTERN_TYPE_RADIAL;
	pat->extend = vg_extend_t::VG_EXTEND_NONE;
	pat->data = &pat->g;
	vg_pattern_edit_radial(pat, cx0, cy0, radius0, cx1, cy1, radius1, is_ellipse);
	pat->references = 1;
}
vg_pattern_t* ovg_new_pattern_sweep(mem_resource_t* ac0, float cx, float cy, float start_angle, float end_angle) {
	auto ac = (usp_ac_cx*)ac0;
	if (!ac) {
		return 0;
	}
	pat_act* pat = (pat_act*)ac->new_obj<pat_act>();
	if (!pat) {
		return 0;
	}
	pat->ac = ac;
	pat->type = vg_pattern_type_t::VG_PATTERN_TYPE_MESH;
	pat->extend = vg_extend_t::VG_EXTEND_NONE;
	pat->data = &pat->g;
	vg_pattern_edit_sweep(pat, cx, cy, start_angle, end_angle);
	pat->references = 1;
}
ovg_path_t* ovg_new_path(mem_resource_t* ac0) {
	auto ac = (usp_ac_cx*)ac0;
	ovg_path_t* p = 0;
	if (ac) {
		p = ac->new_obj<ovg_path_t>();
		ovg_clear_path(p);
		p->ac = ac;
	}
	return p;
}
void ovg_path_destroy(ovg_path_t* path) {
	if (path && path->ac)
		path->ac->free_obj(path);
}

vg_state_save_t* ovg_new_state(mem_resource_t* ac0) {
	auto ac = (usp_ac_cx*)ac0;
	vg_state_save_t* p = 0;
	if (ac) {
		auto pp = (ss_act*)ac->new_mem(sizeof(ss_act));
		pp->ac = ac;
		p = pp;
	}
	return p;
}
void ovg_state_destroy(vg_state_save_t* p) {
	auto p0 = (ss_act*)p;
	if (!p0 || !p0->ac)return;
	if (p0->dashes) {
		p0->ac->free_mem(p0->dashes, p0->dashCount);
	}
	p0->ac->free_mem(p, sizeof(ss_act));
}
// 渲染对象
#if 1


struct pipelinestate_p
{
	VkPipeline pipeline;
	VkPipelineLayout pipelineLayout;
	VkDescriptorSetLayout descriptorSetLayout;
	gem_info_t state = {};
};
// 普通三角形命令
struct geom_cmd_t {
	gem_info_t state = {};
	void* texture = nullptr;
	glm::mat4 mat = glm::mat4(1.0f);
	uint32_t count = 0;
	uint32_t firstIndex = 0;
	int32_t  vertexOffset = 0;
	size_t offset = 0, ioffset = 0;
};
struct scmd {
	uint32_t vertexCount;
	uint32_t firstVertex;
};
// 矢量命令
struct vgcmd_t {
	scmd* v = 0;
	int vc = 0;
	int full_screen_quad = 0;
	glm::ivec2 vertex = {};			// 顶点开始、数量
	glm::ivec2 index = {};			// 索引开始、数量
	vg_state_save_t* state = {};	// 渲染参数
	glm::vec4 bounds = {};			// 全屏填充,odd/clip专用
	int8_t type = 0;			// 类型：填充0、描边1、裁剪2、全屏3、清屏4
};


struct dash_context_t {
	bool     dashOn;
	uint32_t curDash;       // current dash index
	float    curDashOffset; // cur dash offset between defined path point and last dash segment(on/off) start
	float    totDashLength; // total length of dashes
	glm::vec2 normal;
};

struct stroke_context_t {
	uint32_t iL;
	uint32_t iR;
	uint32_t cp; // current point

	uint32_t firstIdx; // save first point idx for closed path
	float               hw;       // stroke half width, computed once.
	float               lhMax;    // miter limit * line width
	float arcStep; // cached arcStep, prevent compute multiple times for same stroke, 0 if not yet computed
};

struct rvg_t {
	struct Vertex {
		glm::vec2     pos;
		uint32_t color;
		glm::vec3     uv;
	};
	struct ear_clip_point {
		glm::vec2 pos;
		uint32_t idx;
		struct ear_clip_point* next;
	};
	usp_ac_cx* ac;
	std::pmr::vector<vgcmd_t> cmdlist;// 命令列表	// 输出
	std::pmr::vector<Vertex> _vertex;
	std::pmr::vector<uint32_t> _indices;
	// 临时缓冲用
	std::pmr::vector<ear_clip_point> ecpsd;
	std::pmr::vector<glm::vec2> _normals;
#if VKVG_FILL_NZ_GLUTESS
	void (*vertex_cb)(uint32_t, rvg_t*) = 0; // tesselator vertex callback
	uint32_t tesselator_fan_start = 0;
	uint32_t tesselator_idx_counter = 0;
#endif
	vg_state_save_t* cur_st = 0;
	ovg_path_t* cur_path = 0;
	size_t gCount = 0;	// ubo数量
	size_t curVertOffset = 0;
	uint32_t curColor = 0;
public:
	rvg_t();
	~rvg_t();
	void stroke_preserve();
public:
	bool _build_vb_step(ovg_path_t* ctx, stroke_context_t* str, bool isCurve);
	void _draw_stoke_cap(ovg_path_t* ctx, stroke_context_t* str, glm::vec2 p0, glm::vec2 n, bool isStart);
	float _draw_dashed_segment(ovg_path_t* ctx, stroke_context_t* str, dash_context_t* dc, bool isCurve);
	void _draw_segment(ovg_path_t* ctx, stroke_context_t* str, dash_context_t* dc, bool isCurve);

	void _free_rvgst(vg_state_save_t* t);
	void _cp_cmd_st(vg_state_save_t** dst, vg_state_save_t* t);
	void _add_triangle_indices(ovg_path_t* ctx, uint32_t i0, uint32_t i1, uint32_t i2);
	void _add_tri_indices_for_rect(uint32_t i);
	void _add_vertexf(ovg_path_t* ctx, float x, float y);
};
struct drawlist_t {
	usp_ac_cx* ac;
};

rvg_t::rvg_t()
{
	if (cur_st)
		_free_rvgst(cur_st);
}

rvg_t::~rvg_t()
{}
void rvg_t::stroke_preserve()
{
	o_finish_path(cur_path);
	if (!cur_path || !cur_path->pathPtr || !cur_st)
		return;
	auto p = cur_path;
	p->t = cur_st;
	if (p->t->pattern)
		gCount++;
	auto ctx = p;
	vgcmd_t c = {};
	c.vertex.x = _vertex.size();
	c.index.x = _indices.size();
	c.type = 1;
	_cp_cmd_st(&c.state, cur_st);
	ctx->curVertOffset = c.vertex.x;
	stroke_context_t str = { 0 };
	str.hw = p->t->lineWidth * 0.5f;
	str.lhMax = p->t->miterLimit * p->t->lineWidth;
	uint32_t ptrPath = 0;
	curColor = p->t->color;
	while (ptrPath < ctx->pathPtr) {
		uint32_t ptrSegment = 0, lastSegmentPointIdx = 0;
		uint32_t firstPathPointIdx = str.cp;
		uint32_t pathPointCount = ctx->pathes[ptrPath] & PATH_ELT_MASK;
		uint32_t lastPathPointIdx = str.cp + pathPointCount - 1;

		dash_context_t dc = { 0 };

		if (o_path_has_curves(ctx->pathes.data(), ptrPath)) {
			ptrSegment = 1;
			lastSegmentPointIdx = str.cp + (ctx->pathes[ptrPath + ptrSegment] & PATH_ELT_MASK) - 1;
		}

		str.firstIdx = (uint32_t)_vertex.size() - ctx->curVertOffset;

		// LOG(VKVG_LOG_INFO_PATH, "\tPATH: points count=%10d end point idx=%10d", ctx->pathes[ptrPath]&PATH_ELT_MASK,
		// lastPathPointIdx);

		if (p->t->dashCount > 0) {
			// init dash stroke
			dc.dashOn = true;
			dc.curDash = 0; // current dash index
			dc.totDashLength = 0; // limit offset to total length of dashes
			for (uint32_t i = 0; i < p->t->dashCount; i++)
				dc.totDashLength += p->t->dashes[i];
			if (dc.totDashLength == 0) {
				//ctx->status = VKVG_STATUS_INVALID_DASH;
				break;
				//return;
			}
			dc.curDashOffset = fmodf(
				p->t->dashOffset,
				dc.totDashLength); // cur dash offset between defined path point and last dash segment(on/off) start
			str.iL = lastPathPointIdx;
		}
		else if (_path_is_closed(ctx, ptrPath)) {
			str.iL = lastPathPointIdx;
		}
		else {
			_draw_stoke_cap(ctx, &str, ctx->points[str.cp],
				vec2_line_norm(ctx->points[str.cp], ctx->points[str.cp + 1]), true);
			str.iL = str.cp++;
		}

		if (o_path_has_curves(ctx->pathes.data(), ptrPath)) {
			while (str.cp < lastPathPointIdx) {

				bool curved = ctx->pathes[ptrPath + ptrSegment] & PATH_HAS_CURVES_BIT;
				if (lastSegmentPointIdx == lastPathPointIdx) // last segment of path, dont draw end point here
					lastSegmentPointIdx--;
				while (str.cp <= lastSegmentPointIdx)
					_draw_segment(ctx, &str, &dc, curved);

				ptrSegment++;
				uint32_t cptSegPts = ctx->pathes[ptrPath + ptrSegment] & PATH_ELT_MASK;
				lastSegmentPointIdx = str.cp + cptSegPts - 1;
				if (lastSegmentPointIdx == lastPathPointIdx && cptSegPts == 1) {
					// single point last segment
					ptrSegment++;
					break;
				}
			}
		}
		else
			while (str.cp < lastPathPointIdx)
				_draw_segment(ctx, &str, &dc, false);

		if (p->t->dashCount > 0) {
			if (_path_is_closed(ctx, ptrPath)) {
				str.iR = firstPathPointIdx;

				_draw_dashed_segment(ctx, &str, &dc, false);

				str.iL++;
				str.cp++;
			}
			if (!dc.dashOn) {
				// finishing last dash that is already started, draw end caps but not too close to start
				// the default gap is the next void
				int32_t prevDash = (int32_t)dc.curDash - 1;
				if (prevDash < 0)
					dc.curDash = p->t->dashCount - 1;
				float m = fminf(p->t->dashes[prevDash] - dc.curDashOffset, p->t->dashes[dc.curDash]);
				glm::vec2  p2 = vec2_sub(ctx->points[str.iR], vec2_mult_s(dc.normal, m));
				_draw_stoke_cap(ctx, &str, p2, dc.normal, false);
			}
		}
		else if (_path_is_closed(ctx, ptrPath)) {
			str.iR = firstPathPointIdx;
			bool inverse = _build_vb_step(ctx, &str, false);
			uint32_t* inds = &_indices[_indices.size() - 6];
			uint32_t  ii = str.firstIdx;
			if (inverse) {
				inds[1] = ii + 1;
				inds[4] = ii + 1;
				inds[5] = ii;
			}
			else {
				inds[1] = ii;
				inds[4] = ii;
				inds[5] = ii + 1;
			}
			str.cp++;
		}
		else
			_draw_stoke_cap(ctx, &str, ctx->points[str.cp],
				vec2_line_norm(ctx->points[str.cp - 1], ctx->points[str.cp]), false);

		str.cp = firstPathPointIdx + pathPointCount;

		if (ptrSegment > 0)
			ptrPath += ptrSegment;
		else
			ptrPath++;

	}
	c.vertex.y = _vertex.size() - c.vertex.x;
	c.index.y = _indices.size() - c.index.x;
	cmdlist.push_back(c);

}

void rvg_t::_free_rvgst(vg_state_save_t* t)
{
	if (ac && t) {
		if (t->dashes && t->dashCount > 0) {
			ac->free_mem(t->dashes, t->dashCount);
		}
		ac->free_mem(t, 1);
	}
}
void rvg_t::_cp_cmd_st(vg_state_save_t** dst, vg_state_save_t* t)
{
	if (!ac || !t)return;
	auto state = *dst ? *dst : (vg_state_save_t*)ac->allocate(sizeof(vg_state_save_t) * 1);
	if (!state)return;
	if (state->dashes) {
		ac->free_mem(state->dashes, state->dashCount);
	}
	*dst = state;
	*state = *t;
	if (t->dashes && t->dashCount > 0) {
		state->dashes = (float*)ac->allocate(sizeof(float) * t->dashCount);
		if (state->dashes)
			memcpy(state->dashes, t->dashes, sizeof(float) * t->dashCount);
		else
			state->dashCount = 0;
	}
}

void rvg_t::_add_triangle_indices(ovg_path_t* ctx, uint32_t i0, uint32_t i1, uint32_t i2) {
	_indices.push_back(i0);
	_indices.push_back(i1);
	_indices.push_back(i2);
}
void rvg_t::_add_tri_indices_for_rect(uint32_t i) {
	_indices.resize(_indices.size() + 6);
	uint32_t* inds = _indices.data() + _indices.size() - 6;
	inds[0] = i;
	inds[1] = i + 2;
	inds[2] = i + 1;
	inds[3] = i + 1;
	inds[4] = i + 2;
	inds[5] = i + 3;
}
void rvg_t::_add_vertexf(ovg_path_t* ctx, float x, float y) {
	Vertex v = {};
	v.pos = { x,y };
	v.color = ctx->color;
	v.uv.z = -1;
	_vertex.push_back(v);
}
bool rvg_t::_build_vb_step(ovg_path_t* ctx, stroke_context_t* str, bool isCurve) {
	Vertex v = {};
	v.color = ctx->color; v.uv = { 0, 0, -1 };
	glm::vec2   p0 = ctx->points[str->cp];
	glm::vec2   v0 = p0 - ctx->points[str->iL];
	glm::vec2   v1 = ctx->points[str->iR] - p0;
	float  length_v0 = glm::length(v0);
	float  length_v1 = glm::length(v1);
	if (length_v0 < FLT_EPSILON || length_v1 < FLT_EPSILON) {
		return false;
	}
	glm::vec2  v0n = (v0 / length_v0);
	glm::vec2  v1n = (v1 / length_v1);
	float dot = glm::dot(v0n, v1n);
	float det = v0n.x * v1n.y - v0n.y * v1n.x;
	if (EQUF(dot, 1.0f)) { // colinear

		return false;
	}
	if (EQUF(dot, -1.0f)) { // cusp (could draw line butt?)
		glm::vec2 vPerp = (vec2_perp(v0n) * str->hw);
		uint32_t idx = (uint32_t)(_vertex.size() - ctx->curVertOffset);
		v.pos = (p0 + vPerp);
		_vertex.push_back(v);
		v.pos = (p0 - vPerp);
		_vertex.push_back(v);
		_add_triangle_indices(ctx, idx, idx + 1, idx + 2);
		_add_triangle_indices(ctx, idx, idx + 2, idx + 3);
		return true;
	}
	glm::vec2  bisec_n = glm::normalize(v0n + v1n); // bisec/bisec_perp are inverted names
	float alpha = acosf(dot);

	if (det < 0)
		alpha = -alpha;
	float halfAlpha = alpha / 2.f;
	float cosHalfAlpha = cosf(halfAlpha);
	float lh = str->hw / cosHalfAlpha;
	glm::vec2  bisec_n_perp = vec2_perp(bisec_n);
	// limit bisectrice length
	float rlh = lh; // rlh is for inside pos tweeks
	if (dot < 0.f)
		rlh = fminf(rlh, fminf(length_v0, length_v1));
	//---

	glm::vec2 bisec = (bisec_n_perp * rlh);

	uint32_t idx = (uint32_t)(_vertex.size() - ctx->curVertOffset);

	glm::vec2 rlh_inside_pos, rlh_outside_pos;
	if (rlh < lh) {
		glm::vec2 vnPerp;
		if (length_v0 < length_v1)
			vnPerp = vec2_perp(v1n);
		else
			vnPerp = vec2_perp(v0n);
		glm::vec2 vHwPerp = (vnPerp * str->hw);

		double lbc = cosHalfAlpha * rlh;
		if (det < 0.f) {
			rlh_inside_pos = ((vnPerp * glm::vec2(-lbc) + (p0 + bisec)) + vHwPerp);
			rlh_outside_pos = (p0 - (bisec_n_perp * lh));
		}
		else {
			rlh_inside_pos = vec2_sub(vec2_add(vec2_mult_s(vnPerp, lbc), vec2_sub(p0, bisec)), vHwPerp);
			rlh_outside_pos = vec2_add(p0, vec2_mult_s(bisec_n_perp, lh));
		}
	}
	else {
		if (det < 0.0) {
			rlh_inside_pos = vec2_add(p0, bisec);
			rlh_outside_pos = vec2_sub(p0, bisec);
		}
		else {
			rlh_inside_pos = vec2_sub(p0, bisec);
			rlh_outside_pos = vec2_add(p0, bisec);
		}
	}

	auto join = (vg_line_join_t)ctx->t->lineJoin;

	if (isCurve) {
		if (dot < 0.8f)
			join = VG_LINE_JOIN_ROUND;
		else
			join = VG_LINE_JOIN_MITER;
	}

	if (join == VG_LINE_JOIN_MITER) {
		if (lh > str->lhMax) { // miter limit
			double x = (lh - str->lhMax) * cosHalfAlpha;
			glm::vec2   bisecPerp = vec2_mult_s(bisec_n, x);
			bisec = vec2_mult_s(bisec_n_perp, str->lhMax);
			if (det < 0) {
				v.pos = rlh_inside_pos;
				_vertex.push_back(v);

				glm::vec2 p = vec2_sub(p0, bisec);

				v.pos = vec2_sub(p, bisecPerp);
				_vertex.push_back(v);
				v.pos = vec2_add(p, bisecPerp);
				_vertex.push_back(v);

				_add_triangle_indices(ctx, idx, idx + 2, idx + 1);
				_add_triangle_indices(ctx, idx + 2, idx + 4, idx);
				_add_triangle_indices(ctx, idx, idx + 3, idx + 4);
				return true;
			}
			else {
				glm::vec2 p = vec2_add(p0, bisec);
				v.pos = vec2_sub(p, bisecPerp);
				_vertex.push_back(v);

				v.pos = rlh_inside_pos;
				_vertex.push_back(v);

				v.pos = vec2_add(p, bisecPerp);
				_vertex.push_back(v);

				_add_triangle_indices(ctx, idx, idx + 2, idx + 1);
				_add_triangle_indices(ctx, idx + 2, idx + 3, idx + 1);
				_add_triangle_indices(ctx, idx + 1, idx + 3, idx + 4);
				return false;
			}

		}
		else { // normal miter
			if (det < 0) {
				v.pos = rlh_inside_pos;
				_vertex.push_back(v);
				v.pos = rlh_outside_pos;
				_vertex.push_back(v);
			}
			else {
				v.pos = rlh_outside_pos;
				_vertex.push_back(v);
				v.pos = rlh_inside_pos;
				_vertex.push_back(v);
			}

			_add_tri_indices_for_rect(idx);
			return false;
		}
	}
	else {
		glm::vec2 vp = vec2_perp(v0n);

		if (det < 0) {
			if (dot < 0 && rlh < lh)
				v.pos = rlh_inside_pos;
			else
				v.pos = vec2_add(p0, bisec);
			_vertex.push_back(v);
			v.pos = vec2_sub(p0, vec2_mult_s(vp, str->hw));
		}
		else {
			v.pos = vec2_add(p0, vec2_mult_s(vp, str->hw));
			_vertex.push_back(v);
			if (dot < 0 && rlh < lh)
				v.pos = rlh_inside_pos;
			else
				v.pos = vec2_sub(p0, bisec);
		}
		_vertex.push_back(v);

		if (join == VG_LINE_JOIN_BEVEL) {
			if (det < 0) {
				_add_triangle_indices(ctx, idx, idx + 2, idx + 1);
				_add_triangle_indices(ctx, idx + 2, idx + 4, idx + 0);
				_add_triangle_indices(ctx, idx, idx + 3, idx + 4);
			}
			else {
				_add_triangle_indices(ctx, idx, idx + 2, idx + 1);
				_add_triangle_indices(ctx, idx + 2, idx + 3, idx + 1);
				_add_triangle_indices(ctx, idx + 1, idx + 3, idx + 4);
			}
		}
		else if (join == VG_LINE_JOIN_ROUND) {
			if (!str->arcStep)
				str->arcStep = _get_arc_step(ctx, str->hw);
			float a = acosf(vp.x);
			if (vp.y < 0)
				a = -a;

			if (det < 0) {
				a += M_PI;
				float a1 = a + alpha;
				a -= str->arcStep;
				while (a > a1) {
					_add_vertexf(ctx, cosf(a) * str->hw + p0.x, sinf(a) * str->hw + p0.y);
					a -= str->arcStep;
				}
			}
			else {
				float a1 = a + alpha;
				a += str->arcStep;
				while (a < a1) {
					_add_vertexf(ctx, cosf(a) * str->hw + p0.x, sinf(a) * str->hw + p0.y);
					a += str->arcStep;
				}
			}
			uint32_t p0Idx = (uint32_t)(_vertex.size() - ctx->curVertOffset);
			_add_triangle_indices(ctx, idx, idx + 2, idx + 1);
			if (det < 0) {
				for (uint32_t p = idx + 2; p < p0Idx; p++)
					_add_triangle_indices(ctx, p, p + 1, idx);
				_add_triangle_indices(ctx, p0Idx, p0Idx + 2, idx);
				_add_triangle_indices(ctx, idx, p0Idx + 1, p0Idx + 2);
			}
			else {
				for (uint32_t p = idx + 2; p < p0Idx; p++)
					_add_triangle_indices(ctx, p, p + 1, idx + 1);
				_add_triangle_indices(ctx, p0Idx, p0Idx + 1, idx + 1);
				_add_triangle_indices(ctx, idx + 1, p0Idx + 1, p0Idx + 2);
			}
		}

		vp = vec2_mult_s(vec2_perp(v1n), str->hw);
		if (det < 0)
			v.pos = vec2_sub(p0, vp);
		else
			v.pos = vec2_add(p0, vp);
		_vertex.push_back(v);
	}

	return (det < 0);
}

void rvg_t::_draw_stoke_cap(ovg_path_t* ctx, stroke_context_t* str, glm::vec2 p0, glm::vec2 n, bool isStart) {
	Vertex v = {}; v.color = ctx->color; v.uv = { 0, 0, -1 };

	uint32_t firstIdx = (uint32_t)(_vertex.size() - ctx->curVertOffset);

	if (isStart) {
		glm::vec2 vhw = vec2_mult_s(n, str->hw);

		if (ctx->t->lineCap == VG_LINE_CAP_SQUARE)
			p0 = vec2_sub(p0, vhw);

		vhw = vec2_perp(vhw);

		if (ctx->t->lineCap == VG_LINE_CAP_ROUND) {
			if (!str->arcStep)
				str->arcStep = _get_arc_step(ctx, str->hw);

			float a = acosf(n.x) + M_PI_2;
			if (n.y < 0)
				a = M_PI - a;
			float a1 = a + M_PI;

			a += str->arcStep;
			while (a < a1) {
				_add_vertexf(ctx, cosf(a) * str->hw + p0.x, sinf(a) * str->hw + p0.y);
				a += str->arcStep;
			}
			uint32_t p0Idx = (uint32_t)(_vertex.size() - ctx->curVertOffset);
			for (uint32_t p = firstIdx; p < p0Idx; p++)
				_add_triangle_indices(ctx, p0Idx + 1, p, p + 1);
			firstIdx = p0Idx;
		}

		v.pos = vec2_add(p0, vhw);
		_vertex.push_back(v);
		v.pos = vec2_sub(p0, vhw);
		_vertex.push_back(v);

		_add_tri_indices_for_rect(firstIdx);
	}
	else {
		glm::vec2 vhw = vec2_mult_s(n, str->hw);

		if (ctx->t->lineCap == VG_LINE_CAP_SQUARE)
			p0 = vec2_add(p0, vhw);

		vhw = vec2_perp(vhw);

		v.pos = vec2_add(p0, vhw);
		_vertex.push_back(v);
		v.pos = vec2_sub(p0, vhw);
		_vertex.push_back(v);

		firstIdx = (uint32_t)(_vertex.size() - ctx->curVertOffset);

		if (ctx->t->lineCap == VG_LINE_CAP_ROUND) {
			if (!str->arcStep)
				str->arcStep = _get_arc_step(ctx, str->hw);

			float a = acosf(n.x) + M_PI_2;
			if (n.y < 0)
				a = M_PI - a;
			float a1 = a - M_PI;

			a -= str->arcStep;
			while (a > a1) {
				_add_vertexf(ctx, cosf(a) * str->hw + p0.x, sinf(a) * str->hw + p0.y);
				a -= str->arcStep;
			}

			uint32_t p0Idx = (uint32_t)(_vertex.size() - ctx->curVertOffset);
			for (uint32_t p = firstIdx - 1; p < p0Idx; p++)
				_add_triangle_indices(ctx, p + 1, p, firstIdx - 2);
		}
	}
}
float rvg_t::_draw_dashed_segment(ovg_path_t* ctx, stroke_context_t* str, dash_context_t* dc, bool isCurve) {
	// vec2 pL = ctx->points[str->iL];
	glm::vec2 p = ctx->points[str->cp];
	glm::vec2 pR = ctx->points[str->iR];

	if (!dc->dashOn) // we test in fact the next dash start, if dashOn = true => next segment is a void.
		_build_vb_step(ctx, str, isCurve);

	glm::vec2 d = vec2_sub(pR, p);
	dc->normal = vec2_norm(d);
	float segmentLength = glm::length(d);

	while (dc->curDashOffset < segmentLength) {
		glm::vec2 p0 = vec2_add(p, vec2_mult_s(dc->normal, dc->curDashOffset));

		_draw_stoke_cap(ctx, str, p0, dc->normal, dc->dashOn);
		dc->dashOn ^= true;
		dc->curDashOffset += ctx->t->dashes[dc->curDash];
		if (++dc->curDash == ctx->t->dashCount)
			dc->curDash = 0;
	}
	dc->curDashOffset -= segmentLength;
	dc->curDashOffset = fmodf(dc->curDashOffset, dc->totDashLength);
	return segmentLength;
}
void rvg_t::_draw_segment(ovg_path_t* ctx, stroke_context_t* str, dash_context_t* dc, bool isCurve) {
	str->iR = str->cp + 1;
	if (ctx->t->dashCount > 0)
		_draw_dashed_segment(ctx, str, dc, isCurve);
	else
		_build_vb_step(ctx, str, isCurve);
	str->iL = str->cp++;
}

// todo 渲染操作，rvg_t可以多次执行fill或stroke/clip
rvg_t* ovg_new_rvg(mem_resource_t* ac0)
{
	auto ac = (usp_ac_cx*)ac0;
	if (!ac) {
		return 0;
	}
	auto p = ac->new_obj<rvg_t>();
	return p;
}
void ovg_destroy_rvg(rvg_t* p) {
	if (p && p->ac) {
		p->ac->free_obj(p);
	}
}
void ovg_set_path(rvg_t* v, ovg_path_t* path, vg_state_save_t* st)
{
	if (!v)return;
	if (path)v->cur_path = path;
	if (st) {
		v->_cp_cmd_st(&v->cur_st, st);
	}
}
void ovg_stroke(rvg_t* v)
{
	if (!v)return;
	v->stroke_preserve();
	ovg_clear_path(v->cur_path);
}
void ovg_stroke_preserve(rvg_t* v) {
	if (!v)return;
	v->stroke_preserve();
}
void ovg_fill(rvg_t* v)
{

}
void ovg_fill_preserve(rvg_t* v)
{

}
void ovg_paint(rvg_t* v)
{

}
void ovg_clear(rvg_t* v)
{

}
void ovg_reset_clip(rvg_t* v)
{

}
void ovg_clip(rvg_t* v)
{

}
void ovg_clip_preserve(rvg_t* v)
{

}
void ovg_clip_rect(rvg_t* v, int x, int y, int width, int height)
{

}

// 渲染列表
drawlist_t* ovg_new_drawlist(mem_resource_t* ac0)
{
	auto ac = (usp_ac_cx*)ac0;
	if (!ac) {
		return 0;
	}
	auto p = ac->new_obj<drawlist_t>();
	return p;
}
void ovg_destroy_drawlist(drawlist_t* p) {
	if (p && p->ac) {
		p->ac->free_obj(p);
	}
}
void ovg_clear_all(drawlist_t* v)
{

}
void ovg_scissor(drawlist_t* v, int x, int y, int width, int height)
{

}
// 添加矢量对象，dst渲染的坐标/宽高，rect为对象的区域坐标/宽高
void  ovg_add_vg(drawlist_t* dc, rvg_t* v, const glm::vec4* dst, const glm::ivec4* rect)
{

}
// 添加文本，风格，渲染区可选
void  ovg_add_text(drawlist_t* dc, text_st_t* p, text_style_t* ts, text_box_rt* box)
{

}
// 普通图片，支持九宫格、混合颜色
void  ovg_add_image(drawlist_t* dc, ovg_image_r* r)
{

}
// 原始三角形，输入0则不修改
void  ovg_set_geom_state(drawlist_t* dc, gem_info_t* info, const glm::mat4* matrix)
{

}
// 添加几何数据到缓冲区，xy顶点坐标，color顶点颜色，uv顶点纹理坐标，indices索引数据，color_type=0表示float4，1表示uint32_t
void  ovg_add_geometry(drawlist_t* dc, void* texture, const float* xy, int xy_stride, const void* color, int color_stride, const float* uv, int uv_stride, int num_vertices, const void* indices, int num_indices, int size_indices, int color_type)
{

}
// 添加3D几何数据到缓冲区，xyz顶点坐标，color顶点颜色（双面则要双倍），uv顶点纹理坐标，indices索引数据
void  ovg_add_geometry3d(drawlist_t* dc, void* texture, const float* xyz, int xyz_stride, const void* color, int color_stride, const float* uv, int uv_stride, int num_vertices, const void* indices, int num_indices, int size_indices, int color_type)
{

}

#endif // 1

// todo init cb
void init_ovg_cb(ovg_canvas_cb* cb) {
	if (!cb)return;
	cb->new_path = ovg_new_path;		// 可自定义分配
	cb->path_destroy = ovg_path_destroy;
	cb->clear_path = ovg_clear_path;
	cb->close_path = ovg_close_path;
	cb->new_sub_path = ovg_new_sub_path;
	cb->path_extents = ovg_path_extents;
	cb->get_current_point = ovg_get_current_point;
	cb->get_segment_count = ovg_get_segment_count;
	cb->set_segment_color = ovg_set_segment_color;
	cb->add_path = ovg_add_path;
	//cb->add_path0 = ovg_add_path0;
	cb->move_to = ovg_move_to;
	cb->rel_move_to = ovg_rel_move_to;
	cb->line_to = ovg_line_to;
	cb->rel_line_to = ovg_rel_line_to;
	cb->arc = ovg_arc;
	cb->arc_negative = ovg_arc_negative;
	cb->curve_to = ovg_curve_to;
	cb->rel_curve_to = ovg_rel_curve_to;
	cb->quadratic_to = ovg_quadratic_to;
	cb->rel_quadratic_to = ovg_rel_quadratic_to;
	cb->rectangle = ovg_rectangle;
	cb->rounded_rectangle = ovg_rounded_rectangle;
	cb->rounded_rectangle2 = ovg_rounded_rectangle2;
	cb->ellipse = ovg_ellipse;
	cb->elliptic_arc_to = ovg_elliptic_arc_to;
	cb->rel_elliptic_arc_to = ovg_rel_elliptic_arc_to;
	cb->circle = ovg_circle;

	cb->new_state = ovg_new_state;
	cb->state_destroy = ovg_state_destroy;
	cb->set_opacity = ovg_set_opacity;
	cb->set_source_color = ovg_set_source_color;
	cb->set_source_rgba = ovg_set_source_rgba;
	cb->set_source_rgb = ovg_set_source_rgb;
	cb->set_line_width = ovg_set_line_width;
	cb->set_miter_limit = ovg_set_miter_limit;
	cb->set_line_cap = ovg_set_line_cap;
	cb->set_line_join = ovg_set_line_join;
	cb->set_source_surface = ovg_set_source_surface;
	cb->set_source = ovg_set_source;
	cb->set_operator = ovg_set_operator;
	cb->set_fill_rule = ovg_set_fill_rule;
	cb->set_dash = ovg_set_dash;
	cb->set_dash8 = ovg_set_dash8;
	cb->translate = ovg_translate;
	cb->scale = ovg_scale;
	cb->rotate = ovg_rotate;
	cb->transform = ovg_transform;
	cb->set_matrix = ovg_set_matrix;
	cb->get_matrix = ovg_get_matrix;
	cb->identity_matrix = ovg_identity_matrix;

	cb->new_pattern_linear = ovg_new_pattern_linear;
	cb->new_pattern_radial = ovg_new_pattern_radial;
	cb->new_pattern_sweep = ovg_new_pattern_sweep;
	cb->pattern_add_color_stop = ovg_pattern_add_color_stop;
	cb->pattern_set_color_stop = ovg_pattern_set_color_stop;
	cb->pattern_set_matrix = ovg_pattern_set_matrix;
	cb->pattern_set_extend = ovg_pattern_set_extend;
	cb->pattern_set_filter = ovg_pattern_set_filter;
	cb->pattern_destroy = ovg_pattern_destroy;

	// 渲染操作，rvg_t可以多次执行fill或stroke/clip
	cb->new_rvg = ovg_new_rvg;
	cb->destroy_rvg = ovg_destroy_rvg;
	cb->set_path = ovg_set_path;
	cb->stroke = ovg_stroke;
	cb->stroke_preserve = ovg_stroke_preserve;
	cb->fill = ovg_fill;
	cb->fill_preserve = ovg_fill_preserve;
	cb->paint = ovg_paint;
	cb->clear = ovg_clear;
	cb->reset_clip = ovg_reset_clip;
	cb->clip = ovg_clip;
	cb->clip_preserve = ovg_clip_preserve;
	cb->clip_rect = ovg_clip_rect;
	// 渲染列表
	cb->new_drawlist = ovg_new_drawlist;
	cb->destroy_drawlist = ovg_destroy_drawlist;
	cb->clear_all = ovg_clear_all;
	cb->scissor = ovg_scissor;
	cb->add_vg = (void (*)(drawlist_t*, rvg_t*, const float*, const int*)) ovg_add_vg;
	cb->add_text = ovg_add_text;
	cb->add_image = ovg_add_image;
	cb->set_geom_state = (void (*)(drawlist_t*, gem_info_t*, const void*)) ovg_set_geom_state;
	cb->add_geometry = ovg_add_geometry;
	cb->add_geometry3d = ovg_add_geometry3d;

}

#endif // 1
